V1,V2,V3
*_SCFLD176_78971,<lmxll>,lm,ll,ll,--,ll,--,--,lm,--,ll,lm,ll,--,ll,--,lm,lm,lm,ll,ll,ll,ll,ll,--,ll,ll,ll,ll,ll,lm,ll,--,ll,ll,ll,ll,--,lm,--,--,ll,lm,ll,lm,ll,lm,lm,--,lm,lm,lm,ll,ll,lm,ll,--,--,--,--,ll,ll,lm,--,--,ll,--,lm,lm,ll,--,--,ll,--,--,ll,lm,ll,ll,ll,--,lm,--,ll,lm,ll,ll,lm,--,lm,lm
*_SCFLD176_96518,<nnxnp>,--,--,--,--,np,nn,nn,np,--,--,--,--,--,--,np,--,nn,nn,np,--,np,--,np,--,nn,--,--,nn,--,--,--,--,--,--,np,--,np,--,--,--,np,--,--,--,np,nn,nn,np,np,np,np,--,nn,--,np,np,--,--,--,--,np,np,--,np,--,nn,--,nn,--,--,nn,nn,--,np,--,nn,np,nn,np,--,--,--,nn,nn,nn,--,np,np,nn,nn
*_SCFLD176_116211,<nnxnp>,--,--,--,--,nn,--,np,--,np,--,nn,--,--,nn,nn,--,np,--,nn,--,--,--,--,--,--,--,np,np,np,nn,nn,--,--,--,nn,nn,--,nn,--,--,nn,--,--,nn,nn,np,np,--,--,nn,nn,np,np,--,--,--,--,--,nn,np,nn,nn,nn,nn,nn,--,--,np,--,--,np,np,np,--,--,np,--,np,--,--,nn,--,--,np,np,--,nn,--,--,np
*_SCFLD176_156433,<nnxnp>,--,--,--,--,--,--,np,nn,--,--,--,np,--,nn,--,np,np,np,--,np,nn,--,--,--,np,np,np,--,np,nn,nn,--,nn,--,nn,--,nn,nn,--,nn,nn,--,nn,nn,--,--,np,--,nn,nn,nn,np,--,nn,nn,nn,--,nn,nn,np,--,nn,--,--,nn,np,nn,--,np,nn,--,np,--,--,--,np,--,--,--,--,--,--,nn,np,np,--,nn,nn,np,np
*_SCFLD176_177628,<lmxll>,--,--,--,--,--,lm,lm,lm,lm,--,--,ll,--,ll,ll,lm,lm,--,ll,--,ll,ll,ll,--,--,ll,ll,--,--,lm,ll,--,--,ll,ll,--,lm,--,--,--,ll,--,--,--,ll,lm,lm,--,lm,lm,lm,--,ll,--,ll,--,--,--,lm,ll,ll,--,ll,lm,ll,ll,lm,lm,--,--,ll,ll,lm,ll,--,--,ll,--,--,--,--,--,--,lm,ll,--,lm,--,--,--
*_SCFLD176_273164,<nnxnp>,--,--,np,--,np,--,nn,np,--,nn,--,nn,--,np,--,nn,nn,--,np,--,np,nn,np,--,nn,nn,nn,nn,nn,--,np,--,--,nn,np,np,np,np,nn,--,np,nn,np,np,np,nn,nn,--,np,np,np,--,--,--,--,--,--,np,np,nn,--,np,--,np,np,--,--,nn,nn,--,nn,nn,nn,--,--,--,np,--,np,--,np,--,np,nn,--,--,--,np,--,nn
*_SCFLD176_308024,<nnxnp>,--,--,np,--,--,nn,--,np,--,nn,np,--,--,np,np,nn,nn,--,np,--,--,nn,--,--,nn,nn,nn,--,--,--,np,--,np,nn,np,np,np,np,--,--,np,np,np,--,--,--,nn,np,np,np,np,nn,--,np,--,--,--,--,np,--,--,np,--,np,np,--,--,nn,--,np,nn,nn,nn,--,--,--,--,nn,np,--,np,--,np,nn,--,--,np,--,nn,nn
*_SCFLD176_368002,<nnxnp>,--,np,nn,--,nn,--,--,nn,--,--,--,np,--,nn,--,--,np,np,nn,--,nn,np,nn,--,np,--,--,np,np,--,--,--,--,np,--,--,nn,nn,--,--,--,nn,--,nn,nn,np,--,--,nn,nn,nn,--,np,--,--,nn,--,--,nn,np,--,nn,--,--,--,--,--,--,--,--,--,np,np,--,--,np,--,np,nn,--,nn,--,nn,--,--,--,nn,--,np,np
*_SCFLD176_384199,<lmxll>,--,--,--,--,ll,lm,--,--,--,ll,--,ll,--,ll,ll,lm,lm,lm,--,ll,ll,ll,--,--,lm,ll,ll,ll,ll,--,ll,lm,--,ll,ll,ll,--,--,--,--,ll,--,--,lm,ll,lm,--,ll,lm,lm,lm,--,--,lm,ll,--,--,--,lm,--,ll,lm,ll,lm,ll,ll,--,--,ll,--,--,--,lm,--,--,lm,ll,--,ll,--,--,--,--,lm,--,--,lm,ll,lm,lm
*_SCFLD176_404911,<nnxnp>,--,np,nn,--,nn,--,--,nn,--,np,nn,--,np,nn,--,np,np,np,nn,np,nn,--,nn,--,np,--,np,np,np,nn,--,nn,nn,np,nn,nn,nn,--,--,--,nn,--,nn,nn,nn,np,np,nn,nn,--,nn,--,--,nn,--,--,--,nn,--,np,--,nn,--,nn,--,--,nn,np,--,nn,--,np,np,--,--,--,nn,--,nn,--,--,--,--,--,np,--,--,--,np,--
*_SCFLD177_75502,<hkxhk>,--,kk,hk,--,hk,--,hk,--,--,hk,hk,hk,--,hk,kk,kk,hk,hh,hk,hh,--,kk,hk,--,kk,hk,kk,hh,kk,--,hh,--,hh,hk,hk,hh,hh,hk,--,hk,kk,hh,hk,hh,hh,kk,hk,hk,kk,--,--,hk,--,--,kk,hh,--,--,hh,hh,kk,--,hk,hk,--,hk,hh,--,hk,hk,hk,hh,hk,--,hk,hk,hh,--,--,--,hk,--,hk,--,hk,hk,--,hh,--,hh
*_SCFLD177_75567,<nnxnp>,--,nn,nn,--,np,--,nn,nn,--,nn,nn,np,--,nn,--,nn,--,np,--,--,--,nn,np,--,nn,np,nn,np,nn,--,np,--,np,np,np,np,--,np,--,--,nn,np,np,--,--,nn,np,np,nn,nn,nn,nn,--,nn,nn,np,--,--,np,np,nn,--,nn,nn,--,np,np,--,nn,nn,np,np,np,--,nn,nn,--,--,--,--,nn,--,nn,--,--,nn,--,np,--,--
*_SCFLD177_149638,<nnxnp>,nn,--,nn,--,--,--,nn,--,--,--,--,np,np,nn,--,nn,--,np,--,np,np,--,--,--,--,--,--,--,nn,--,--,--,--,np,np,--,np,np,--,--,nn,np,np,--,--,nn,np,--,--,nn,nn,nn,--,nn,nn,np,--,--,np,np,--,--,--,nn,nn,np,np,nn,nn,--,np,np,--,--,--,nn,np,--,nn,nn,nn,--,nn,--,np,--,np,np,--,--
*_SCFLD177_338016,<nnxnp>,np,--,--,--,np,--,nn,--,--,nn,--,--,--,nn,nn,nn,--,--,np,np,nn,nn,np,--,nn,np,--,np,--,--,--,--,np,--,np,--,np,--,--,--,nn,--,np,--,np,nn,np,--,nn,nn,nn,nn,np,--,--,--,--,np,np,--,nn,np,--,nn,nn,np,--,nn,--,nn,--,np,np,--,--,--,np,--,--,--,--,--,nn,--,--,--,np,np,nn,--
*_SCFLD179_84500,<lmxll>,--,ll,lm,--,--,--,lm,--,--,--,--,--,--,ll,ll,ll,--,--,ll,--,ll,ll,lm,ll,--,lm,--,lm,ll,--,--,--,--,--,--,lm,ll,ll,--,--,ll,--,--,--,lm,ll,lm,--,lm,lm,--,--,ll,lm,ll,lm,ll,lm,--,ll,ll,lm,--,ll,lm,lm,lm,--,ll,--,ll,lm,ll,lm,--,ll,lm,--,--,lm,lm,--,--,lm,--,--,ll,ll,ll,ll
*_SCFLD179_230258,<nnxnp>,--,--,nn,--,nn,--,np,--,--,nn,nn,--,--,np,--,nn,np,nn,np,--,--,np,np,--,nn,np,np,--,nn,np,--,--,--,nn,nn,nn,nn,np,--,--,np,np,np,nn,--,np,np,np,np,nn,nn,np,--,np,nn,--,--,--,np,np,nn,np,--,nn,nn,np,--,--,np,np,--,np,--,--,--,np,--,np,np,--,--,--,np,nn,nn,--,nn,--,np,nn
*_SCFLD180_139614,<lmxll>,--,--,--,--,--,--,lm,--,--,ll,lm,ll,--,--,ll,--,--,--,ll,--,--,--,ll,--,--,ll,ll,--,ll,lm,ll,--,--,--,ll,--,lm,lm,--,ll,--,--,ll,lm,ll,lm,--,--,lm,lm,--,ll,--,lm,ll,lm,--,--,lm,--,--,lm,--,--,ll,ll,lm,lm,ll,--,ll,ll,--,--,--,lm,--,--,ll,--,--,--,ll,lm,ll,--,--,--,--,--
*_SCFLD180_208442,<lmxll>,--,--,--,--,ll,--,lm,lm,--,ll,--,--,--,ll,--,lm,--,--,ll,--,--,ll,ll,--,lm,--,--,ll,--,lm,--,--,ll,--,ll,ll,lm,--,--,--,ll,--,--,lm,--,--,lm,--,lm,lm,lm,--,ll,--,ll,lm,--,--,lm,ll,ll,lm,--,--,--,ll,--,--,ll,--,ll,ll,--,ll,--,--,--,ll,--,--,--,--,ll,--,--,--,lm,ll,lm,lm
*_SCFLD181_85500,<nnxnp>,--,np,--,--,nn,nn,np,--,nn,np,--,--,--,--,--,np,nn,nn,nn,nn,--,np,nn,--,--,nn,np,nn,np,--,nn,--,nn,nn,--,--,np,--,np,--,np,nn,nn,nn,nn,--,nn,--,np,np,--,np,--,np,np,--,--,--,--,--,--,--,np,np,--,--,nn,np,np,np,nn,nn,--,--,--,np,nn,--,--,--,--,--,--,--,nn,--,nn,nn,np,nn
*_SCFLD181_100566,<hkxhk>,hh,--,--,--,hk,--,hk,--,--,hk,hk,kk,--,--,--,hh,hk,kk,hk,--,hk,--,--,--,hh,--,--,kk,hh,--,kk,--,--,--,hk,kk,hk,--,hk,--,hh,--,hk,hk,kk,hh,hk,--,hh,hh,hh,hk,kk,hh,--,--,--,--,kk,hk,hh,kk,--,--,hk,--,hk,hk,hh,hk,--,kk,--,--,--,--,kk,--,hh,hk,--,--,--,hk,kk,--,kk,--,--,--
*_SCFLD181_112857,<lmxll>,ll,--,--,--,ll,--,--,ll,--,lm,lm,lm,--,--,ll,--,--,lm,--,lm,--,ll,ll,--,--,ll,ll,--,ll,lm,lm,--,lm,lm,--,--,lm,ll,--,--,ll,--,ll,ll,--,ll,ll,lm,ll,--,--,--,lm,--,ll,--,--,--,lm,ll,--,lm,lm,lm,lm,ll,--,--,--,--,ll,lm,--,--,lm,ll,lm,lm,ll,--,lm,--,--,--,--,--,lm,--,--,lm
*_SCFLD181_130202,<lmxll>,--,ll,--,--,--,--,lm,--,--,--,--,lm,--,lm,ll,ll,ll,lm,ll,--,ll,ll,--,--,ll,ll,--,lm,--,--,--,--,lm,lm,ll,lm,lm,--,--,--,ll,lm,--,--,--,ll,--,--,--,--,ll,lm,lm,--,--,--,--,lm,lm,--,--,lm,lm,lm,lm,ll,--,lm,--,lm,--,lm,--,--,--,--,--,lm,--,lm,lm,--,ll,--,--,--,--,--,lm,--
*_SCFLD181_139269,<nnxnp>,np,--,np,--,--,--,--,--,--,np,--,--,--,np,--,--,nn,--,--,--,nn,--,nn,--,np,nn,np,--,--,--,nn,--,--,--,--,nn,np,--,--,--,np,nn,nn,--,nn,np,nn,nn,np,np,np,np,--,np,np,np,--,--,nn,nn,--,nn,--,--,nn,--,--,np,--,np,nn,nn,nn,--,--,--,nn,np,--,--,np,--,--,np,nn,--,nn,nn,--,nn
*_SCFLD181_139415,<lmxll>,--,--,lm,--,--,--,lm,--,--,--,--,--,--,lm,--,--,ll,lm,ll,--,ll,ll,ll,--,--,ll,ll,--,--,--,--,--,lm,--,ll,lm,lm,--,--,--,ll,ll,--,ll,--,ll,ll,--,ll,ll,ll,--,--,ll,--,lm,--,--,--,ll,ll,lm,--,--,--,ll,--,--,--,lm,--,--,ll,--,lm,--,lm,--,ll,--,lm,--,ll,lm,lm,--,lm,--,--,lm
*_SCFLD181_159693,<lmxll>,--,ll,--,--,ll,lm,lm,ll,lm,lm,lm,--,--,lm,ll,ll,ll,lm,ll,lm,--,ll,ll,--,ll,ll,--,lm,--,lm,lm,--,lm,lm,ll,lm,lm,ll,--,lm,ll,--,ll,ll,lm,ll,ll,lm,ll,ll,--,lm,lm,ll,ll,--,lm,--,lm,ll,ll,lm,lm,lm,lm,ll,ll,lm,ll,lm,ll,lm,ll,lm,--,--,lm,lm,ll,ll,lm,--,ll,lm,lm,--,lm,ll,lm,--
*_SCFLD181_212315,<lmxll>,--,--,ll,--,lm,--,--,--,--,ll,--,ll,--,ll,--,lm,lm,ll,--,ll,--,lm,lm,--,lm,lm,lm,ll,lm,--,--,--,--,--,lm,--,ll,lm,--,--,lm,ll,lm,--,--,lm,--,--,lm,lm,lm,--,--,lm,--,ll,--,--,ll,--,--,ll,ll,--,ll,--,--,ll,--,--,lm,ll,--,--,ll,--,--,ll,--,ll,--,--,--,ll,--,--,ll,lm,ll,--
*_SCFLD181_227397,<nnxnp>,--,np,np,--,nn,--,np,nn,--,np,--,--,--,np,--,--,nn,nn,--,--,--,np,--,--,--,nn,np,nn,np,np,nn,--,--,nn,nn,nn,np,nn,--,np,np,nn,--,--,--,np,nn,nn,--,np,--,np,nn,np,np,np,--,--,nn,nn,np,nn,np,--,np,nn,nn,np,np,np,--,nn,--,--,--,np,nn,--,np,--,--,--,np,np,nn,np,nn,--,np,nn
*_SCFLD181_230506,<nnxnp>,nn,nn,nn,--,np,--,--,np,--,nn,--,np,--,nn,--,nn,np,np,np,np,--,nn,np,--,nn,np,--,--,nn,--,np,--,np,--,np,np,nn,--,--,--,nn,np,--,np,np,nn,--,np,--,nn,nn,nn,np,nn,--,nn,--,--,np,np,--,--,nn,nn,nn,np,np,nn,nn,nn,np,np,np,--,--,nn,np,nn,nn,nn,--,--,nn,nn,np,--,np,--,nn,np
*_SCFLD181_272829,<nnxnp>,--,--,--,--,np,--,--,--,np,--,nn,np,--,nn,--,--,np,--,np,np,--,nn,np,--,nn,--,nn,np,nn,--,np,np,--,np,np,--,--,np,--,--,nn,np,np,--,--,--,--,--,nn,nn,--,--,--,--,nn,--,--,--,--,np,--,--,--,nn,nn,np,--,--,nn,--,np,np,np,--,--,nn,--,nn,nn,--,--,--,nn,nn,--,nn,np,--,nn,np
*_SCFLD181_373962,<lmxll>,--,--,--,--,lm,ll,ll,--,--,ll,--,ll,--,ll,ll,--,lm,ll,lm,--,--,lm,--,--,--,--,lm,ll,lm,--,ll,--,--,ll,--,ll,--,lm,--,--,--,ll,--,--,--,lm,--,ll,lm,lm,lm,ll,--,--,--,ll,ll,--,ll,--,lm,ll,--,--,--,lm,lm,--,--,--,lm,ll,lm,--,--,--,ll,ll,--,--,ll,--,--,--,--,--,ll,--,ll,ll
*_SCFLD181_374040,<hkxhk>,--,kk,--,--,--,--,hk,hk,--,hk,hk,hh,--,hk,--,kk,hk,hh,hh,hh,--,kk,hk,--,kk,--,--,hh,kk,hk,--,--,--,hh,hk,hh,--,--,hk,--,--,hh,--,--,hh,kk,hk,--,--,--,kk,hk,--,--,kk,--,--,hh,hh,--,--,hh,hk,--,hk,--,--,--,--,--,--,hh,--,hk,--,--,hh,--,kk,--,--,--,--,hk,--,--,hh,--,hk,hh
*_SCFLD181_424558,<nnxnp>,--,--,np,--,--,--,--,nn,nn,np,np,nn,--,np,--,np,nn,nn,nn,nn,nn,np,nn,--,np,nn,np,nn,np,np,nn,--,nn,nn,nn,nn,np,nn,np,--,np,--,nn,nn,--,np,nn,nn,--,np,np,np,--,np,--,np,--,--,nn,nn,np,nn,np,np,np,--,nn,np,--,np,nn,nn,nn,np,np,np,nn,np,np,np,np,np,np,np,--,np,nn,nn,--,nn
*_SCFLD181_464957,<nnxnp>,--,--,np,--,nn,nn,--,nn,--,np,--,nn,--,np,np,np,nn,nn,nn,nn,--,np,nn,--,np,nn,--,nn,np,np,nn,--,nn,--,--,--,np,nn,--,--,np,--,nn,--,nn,np,nn,--,--,--,np,--,nn,np,--,np,np,--,nn,nn,np,--,--,np,--,nn,nn,--,np,np,nn,nn,--,--,--,--,--,np,np,np,--,--,--,np,nn,--,nn,nn,np,nn
*_SCFLD181_472700,<nnxnp>,np,np,np,--,nn,nn,np,nn,--,np,np,--,--,np,np,--,nn,nn,nn,nn,nn,np,nn,--,np,nn,np,nn,np,np,nn,--,--,nn,nn,nn,--,nn,--,--,np,nn,nn,nn,nn,np,--,nn,np,np,np,np,nn,np,np,np,--,--,nn,nn,np,nn,np,np,np,nn,nn,np,np,--,nn,nn,nn,np,--,np,nn,np,np,--,--,--,--,--,nn,np,nn,nn,np,nn
*_SCFLD181_498155,<nnxnp>,--,--,np,--,nn,--,--,--,nn,np,--,nn,--,np,--,np,nn,nn,nn,nn,--,np,--,--,np,nn,--,nn,--,np,--,--,--,--,--,nn,--,nn,--,--,--,nn,nn,--,--,nn,--,nn,--,np,np,np,--,np,--,--,--,--,--,nn,np,nn,np,np,--,--,nn,--,np,--,nn,nn,--,np,--,--,--,np,--,--,--,--,np,--,nn,np,--,--,--,--
*_SCFLD181_501012,<nnxnp>,--,--,np,--,--,--,np,nn,nn,np,np,nn,--,np,--,np,nn,nn,nn,--,--,np,--,--,--,--,np,--,--,np,--,--,--,nn,--,--,np,nn,--,--,np,--,--,nn,nn,np,--,--,np,np,--,np,--,np,--,np,--,nn,nn,--,np,nn,np,--,--,nn,--,np,np,np,nn,nn,--,--,--,--,--,--,np,--,--,--,np,np,--,--,nn,--,np,--
*_SCFLD181_524882,<lmxll>,--,--,--,--,--,--,lm,--,--,lm,lm,lm,--,lm,--,ll,--,lm,ll,lm,--,ll,--,--,ll,ll,--,lm,ll,--,lm,--,--,lm,ll,--,--,ll,--,lm,--,lm,ll,--,--,ll,--,lm,--,ll,ll,lm,lm,ll,ll,--,--,--,--,--,ll,lm,lm,lm,lm,ll,--,--,ll,--,--,lm,--,--,lm,ll,lm,--,ll,lm,--,--,--,--,--,--,--,ll,lm,--
*_SCFLD182_15454,<nnxnp>,--,nn,nn,--,nn,--,--,np,--,--,np,nn,--,np,--,--,--,--,--,--,nn,--,np,--,nn,np,--,np,nn,nn,--,--,nn,--,nn,np,nn,np,--,--,--,nn,np,nn,--,nn,nn,--,np,np,np,--,--,np,np,nn,--,nn,np,nn,np,nn,np,--,nn,nn,--,nn,nn,nn,--,np,nn,--,--,nn,np,--,nn,--,--,--,--,np,np,nn,np,--,np,np
*_SCFLD182_63415,<lmxll>,--,--,--,--,lm,--,ll,--,--,ll,--,ll,--,lm,--,--,lm,lm,--,lm,--,--,--,--,--,ll,--,ll,--,--,lm,--,--,--,ll,ll,lm,--,--,--,--,--,lm,lm,--,lm,lm,--,ll,ll,ll,lm,ll,lm,--,--,--,--,lm,--,--,lm,--,lm,lm,--,--,ll,lm,--,lm,lm,--,--,--,ll,ll,--,ll,lm,ll,--,ll,lm,lm,--,--,lm,lm,--
*_SCFLD183_79940,<nnxnp>,--,--,np,--,--,--,np,nn,--,np,nn,nn,--,--,--,nn,nn,--,np,--,nn,nn,nn,--,--,--,--,--,--,np,nn,--,--,--,np,nn,nn,--,--,--,nn,np,nn,--,--,np,--,--,--,nn,np,np,np,np,--,np,--,nn,--,--,--,np,nn,--,--,nn,np,nn,--,--,np,np,--,--,--,nn,--,np,--,np,--,--,--,np,np,--,nn,--,nn,--
*_SCFLD185_102700,<lmxll>,--,--,--,--,--,--,--,--,--,lm,--,--,--,lm,lm,ll,--,ll,lm,--,--,--,lm,--,--,ll,--,ll,lm,lm,lm,--,--,--,lm,--,ll,lm,--,--,lm,ll,lm,ll,ll,ll,lm,--,ll,ll,ll,--,--,--,ll,--,--,--,ll,lm,--,ll,ll,--,ll,--,ll,--,--,lm,ll,ll,--,--,--,--,--,--,lm,ll,ll,--,--,--,--,--,--,ll,ll,ll
*_SCFLD185_257999,<nnxnp>,np,np,--,--,--,--,nn,np,np,nn,--,--,--,np,--,--,np,nn,np,--,nn,np,np,--,--,--,--,nn,np,--,np,--,nn,--,np,nn,np,--,--,--,np,np,np,np,nn,np,--,nn,--,nn,--,nn,np,nn,nn,nn,--,np,--,--,--,np,--,--,--,np,np,--,np,nn,nn,nn,--,--,--,np,np,--,nn,--,nn,--,np,--,nn,--,--,--,nn,--
*_SCFLD185_359068,<lmxll>,--,--,ll,--,lm,--,--,lm,lm,lm,lm,ll,--,lm,--,--,ll,ll,--,--,--,--,lm,ll,ll,ll,lm,--,lm,lm,lm,--,--,--,lm,lm,ll,--,ll,--,lm,ll,--,ll,ll,ll,lm,lm,ll,ll,ll,ll,ll,--,--,lm,--,--,ll,lm,ll,ll,ll,--,ll,ll,ll,ll,ll,lm,ll,ll,lm,--,--,ll,--,ll,lm,--,ll,--,ll,--,ll,ll,lm,--,ll,ll
*_SCFLD185_386669,<nnxnp>,--,--,--,--,np,--,--,nn,--,np,--,--,--,nn,--,np,nn,np,nn,--,--,nn,nn,--,np,nn,nn,np,nn,np,nn,--,--,--,--,np,nn,--,--,--,--,nn,nn,--,np,nn,np,--,nn,np,np,--,--,np,np,np,--,--,--,nn,nn,nn,--,np,np,nn,--,--,nn,--,--,np,--,--,--,nn,--,--,np,np,np,nn,nn,--,--,nn,--,nn,np,np
*_SCFLD186_280126,<lmxll>,--,ll,--,--,lm,ll,lm,--,--,--,--,lm,--,ll,--,lm,--,lm,ll,lm,lm,--,lm,--,ll,ll,ll,ll,ll,lm,ll,--,ll,ll,lm,--,ll,--,--,--,ll,lm,--,ll,--,ll,lm,lm,ll,lm,ll,--,ll,ll,--,--,--,lm,--,--,--,lm,--,lm,--,ll,--,--,lm,lm,ll,lm,--,--,lm,ll,ll,--,ll,--,--,--,--,lm,lm,--,ll,ll,ll,ll
*_SCFLD186_280160,<nnxnp>,--,nn,--,--,nn,nn,nn,nn,--,nn,--,nn,--,np,--,np,np,np,nn,nn,nn,--,nn,--,nn,--,nn,nn,nn,np,nn,--,nn,nn,np,--,nn,--,--,--,nn,nn,--,np,np,np,nn,np,nn,nn,np,--,nn,np,--,--,--,nn,--,--,np,np,np,nn,--,np,--,--,nn,nn,nn,nn,np,--,nn,nn,np,--,np,--,--,--,--,np,--,--,nn,np,np,nn
*_SCFLD187_21115,<nnxnp>,--,--,nn,--,np,--,--,--,--,nn,--,--,--,np,--,np,--,nn,--,nn,--,np,np,--,--,np,nn,nn,nn,--,np,--,--,--,nn,--,nn,--,--,--,--,np,np,--,--,nn,nn,--,np,np,np,nn,np,np,np,--,--,--,nn,nn,np,np,np,--,--,nn,--,np,--,--,np,nn,np,--,--,nn,nn,--,np,nn,nn,--,nn,nn,nn,--,np,--,--,--
*_SCFLD187_105982,<hkxhk>,--,--,kk,--,hh,kk,hk,--,--,hk,hk,hk,--,hh,hk,hk,hh,hk,kk,kk,hk,hh,hk,--,--,hk,--,--,kk,--,hh,--,--,hk,--,hh,hk,kk,--,--,--,hk,hk,kk,hk,kk,--,--,hh,hk,hh,kk,--,hh,--,--,hk,--,kk,hk,hk,--,hk,hh,--,kk,kk,hk,kk,--,hh,kk,hh,hk,--,hk,--,--,--,hk,hk,--,kk,kk,--,--,--,--,hk,--
*_SCFLD187_106018,<lmxll>,--,--,ll,--,lm,--,--,--,--,lm,ll,ll,--,lm,--,ll,--,lm,ll,ll,lm,lm,--,--,--,ll,--,--,ll,--,lm,--,--,ll,--,lm,lm,ll,--,--,--,ll,ll,ll,ll,ll,--,--,lm,ll,lm,ll,--,lm,--,--,ll,--,ll,lm,ll,--,ll,lm,--,--,--,ll,ll,--,lm,ll,lm,--,--,lm,--,--,--,lm,lm,--,ll,ll,--,--,--,--,lm,--
*_SCFLD187_146088,<hkxhk>,kk,--,hk,--,--,--,--,hk,--,hh,kk,kk,--,hk,--,kk,kk,--,hk,--,hh,hk,kk,--,kk,kk,hk,hk,hk,--,--,--,--,kk,hh,hk,--,hk,--,hk,kk,kk,kk,hk,kk,hk,hk,--,hk,kk,hk,--,--,hk,kk,hh,--,--,hk,hh,kk,kk,kk,hk,--,hk,hk,kk,hk,--,hk,hk,hk,--,--,hh,hh,--,--,--,--,--,--,hk,--,--,hk,--,hh,kk
*_SCFLD187_419880,<lmxll>,--,--,--,--,--,--,--,--,--,ll,--,--,--,ll,--,--,lm,--,lm,--,ll,ll,lm,--,--,lm,lm,lm,lm,lm,ll,--,--,--,--,--,ll,lm,--,lm,lm,lm,lm,--,lm,lm,--,lm,--,lm,ll,--,ll,ll,lm,ll,--,--,--,ll,--,lm,--,--,ll,lm,--,lm,--,--,ll,lm,ll,--,--,ll,--,lm,--,--,--,--,--,--,lm,ll,ll,--,--,--
*_SCFLD188_85532,<lmxll>,--,--,--,--,ll,lm,--,--,--,ll,--,--,--,lm,--,lm,lm,lm,lm,lm,--,lm,ll,--,ll,lm,ll,--,--,lm,--,--,lm,ll,--,--,--,--,--,--,ll,--,--,--,lm,lm,lm,--,lm,ll,ll,ll,lm,lm,--,--,--,--,--,lm,ll,lm,ll,--,ll,lm,--,lm,ll,--,lm,ll,--,--,--,ll,--,--,--,--,--,--,lm,--,--,--,ll,--,ll,--
*_SCFLD188_180129,<lmxll>,--,lm,ll,--,--,--,--,ll,--,lm,--,--,--,--,ll,ll,ll,--,ll,ll,ll,ll,--,--,lm,ll,lm,--,ll,ll,ll,--,--,lm,--,lm,ll,ll,--,--,lm,--,--,lm,ll,ll,ll,lm,--,lm,lm,lm,ll,ll,lm,--,--,--,lm,ll,lm,ll,lm,ll,lm,--,--,--,lm,lm,--,lm,--,--,lm,lm,lm,lm,ll,lm,--,--,ll,--,lm,--,lm,--,lm,ll
*_SCFLD188_189798,<lmxll>,--,ll,lm,--,--,--,lm,lm,--,--,lm,--,--,--,--,lm,--,lm,lm,lm,--,lm,ll,--,ll,ll,ll,--,--,lm,lm,--,lm,--,lm,ll,--,lm,--,--,ll,ll,--,ll,lm,lm,lm,--,lm,ll,ll,--,--,--,--,lm,--,ll,ll,lm,--,lm,--,lm,ll,--,--,lm,--,--,lm,ll,ll,ll,--,--,ll,--,--,ll,lm,--,lm,--,--,--,ll,--,ll,lm
*_SCFLD188_206527,<lmxll>,--,ll,lm,--,ll,--,lm,lm,--,ll,--,lm,--,lm,lm,lm,lm,lm,--,lm,lm,lm,ll,--,ll,lm,ll,ll,lm,lm,lm,lm,lm,--,lm,ll,lm,lm,--,--,ll,ll,ll,ll,lm,lm,lm,--,lm,ll,ll,ll,lm,lm,--,lm,--,--,--,lm,ll,lm,ll,lm,ll,lm,lm,lm,ll,--,lm,ll,ll,ll,--,ll,ll,ll,--,ll,lm,--,lm,lm,ll,--,ll,--,ll,lm
*_SCFLD188_265736,<hkxhk>,--,hk,kk,--,--,kk,kk,--,--,--,--,--,--,kk,--,kk,--,kk,--,kk,--,--,hh,--,--,--,hk,--,hk,--,hk,--,hk,hh,kk,--,hk,--,--,--,hh,hh,--,--,kk,hk,--,--,--,hh,hh,hk,hk,--,hk,--,--,--,hh,hk,hh,hk,hh,--,hh,--,--,--,--,hh,--,hh,hh,--,--,hk,hk,--,hk,--,kk,--,hk,kk,--,--,hh,--,hh,kk
*_SCFLD188_300554,<nnxnp>,--,np,np,--,nn,--,np,--,--,nn,--,np,--,np,np,np,np,np,np,np,np,np,nn,--,nn,nn,np,nn,nn,nn,nn,np,--,nn,np,--,nn,nn,--,nn,nn,--,--,np,np,nn,nn,np,nn,--,nn,np,nn,np,--,nn,--,np,nn,nn,nn,--,nn,np,nn,np,--,np,np,nn,np,nn,nn,--,--,np,--,--,nn,nn,np,--,nn,np,np,np,nn,np,nn,np
*_SCFLD188_350432,<lmxll>,--,--,--,--,--,--,--,lm,--,ll,--,lm,--,lm,lm,lm,lm,--,lm,--,lm,lm,ll,--,ll,lm,--,ll,lm,lm,--,--,lm,ll,lm,ll,lm,lm,--,--,ll,ll,--,ll,--,--,lm,--,--,ll,--,--,lm,lm,--,lm,--,--,ll,lm,ll,lm,--,lm,ll,lm,--,lm,ll,--,--,ll,ll,ll,--,ll,ll,--,lm,--,--,--,lm,--,ll,--,--,lm,--,lm
*_SCFLD188_372883,<lmxll>,--,--,lm,--,--,--,lm,--,--,ll,lm,lm,--,lm,--,lm,lm,lm,lm,--,lm,lm,--,--,--,lm,ll,ll,lm,ll,lm,--,lm,ll,lm,ll,lm,lm,--,--,ll,ll,--,ll,lm,--,lm,ll,lm,ll,--,ll,--,lm,ll,--,--,--,ll,lm,ll,lm,ll,lm,ll,lm,lm,lm,--,ll,lm,ll,ll,--,--,ll,ll,--,lm,ll,lm,--,lm,--,--,--,ll,lm,ll,--
*_SCFLD189_101183,<lmxll>,--,--,ll,ll,lm,--,ll,--,--,lm,ll,ll,--,ll,lm,ll,--,ll,--,--,--,--,--,--,ll,ll,ll,ll,ll,lm,ll,--,--,--,--,--,--,--,--,--,ll,--,ll,ll,ll,ll,--,lm,ll,ll,lm,--,--,--,ll,--,--,--,lm,lm,--,ll,--,ll,lm,--,lm,--,lm,--,--,lm,lm,--,--,--,--,--,--,--,--,--,ll,ll,lm,lm,--,lm,--,--
*_SCFLD189_268548,<nnxnp>,--,np,np,--,np,nn,nn,nn,nn,nn,nn,--,--,--,--,--,nn,nn,nn,--,--,nn,--,--,--,nn,nn,np,nn,nn,nn,--,--,--,--,np,nn,nn,--,--,nn,--,nn,np,--,np,--,nn,np,nn,--,--,np,--,--,nn,--,--,--,np,nn,nn,np,--,np,np,--,--,--,--,--,nn,--,--,nn,nn,--,np,nn,np,--,--,np,np,nn,--,np,np,--,nn
*_SCFLD189_391413,<lmxll>,--,--,--,--,--,--,--,ll,--,lm,--,ll,ll,ll,--,ll,ll,lm,lm,lm,ll,--,lm,--,--,ll,ll,ll,--,--,--,--,--,ll,lm,lm,--,--,--,--,ll,--,ll,ll,lm,ll,lm,lm,ll,ll,--,lm,--,--,ll,--,--,--,lm,--,lm,ll,lm,--,lm,ll,lm,ll,--,ll,lm,--,--,--,lm,--,lm,--,lm,lm,--,--,ll,ll,lm,--,--,--,lm,--
*_SCFLD189_407355,<lmxll>,--,--,ll,--,--,--,ll,--,--,lm,--,ll,--,ll,--,--,ll,lm,--,lm,ll,ll,lm,--,ll,--,--,ll,--,--,lm,--,--,--,lm,lm,--,--,--,--,ll,lm,lm,--,--,ll,--,lm,ll,ll,--,lm,lm,ll,ll,ll,--,--,--,--,lm,ll,--,ll,lm,ll,lm,ll,lm,--,--,lm,--,lm,--,ll,--,lm,lm,lm,--,--,ll,ll,lm,--,ll,--,lm,--
*_SCFLD189_433639,<lmxll>,--,--,lm,--,--,--,lm,lm,--,ll,lm,--,--,lm,--,lm,lm,ll,ll,ll,--,lm,ll,--,--,--,lm,lm,--,--,--,ll,--,--,--,ll,lm,--,--,--,lm,ll,--,lm,ll,--,--,ll,lm,lm,--,ll,ll,lm,--,lm,--,ll,ll,ll,ll,lm,ll,--,--,lm,ll,lm,ll,--,ll,ll,ll,--,ll,lm,ll,ll,ll,--,--,--,--,lm,ll,ll,--,--,ll,lm
*_SCFLD189_467991,<lmxll>,ll,--,lm,--,ll,--,--,--,--,ll,lm,--,--,lm,ll,lm,lm,--,--,--,lm,--,ll,lm,lm,lm,lm,lm,lm,ll,--,--,--,--,ll,--,lm,ll,--,--,lm,ll,lm,lm,--,lm,ll,ll,lm,lm,lm,ll,--,lm,--,lm,--,--,ll,ll,ll,--,ll,lm,ll,lm,--,lm,ll,lm,ll,ll,--,--,--,lm,--,ll,ll,--,--,--,lm,--,ll,--,--,ll,ll,lm
*_SCFLD189_471489,<lmxll>,--,lm,lm,--,ll,lm,--,--,--,ll,lm,lm,lm,lm,ll,lm,lm,ll,--,ll,lm,lm,ll,--,lm,lm,lm,lm,lm,--,--,--,ll,--,--,ll,lm,--,--,--,lm,--,--,lm,ll,lm,ll,--,lm,lm,--,--,ll,lm,--,--,lm,ll,ll,--,--,lm,ll,lm,--,lm,--,--,ll,lm,--,ll,--,--,--,lm,ll,ll,ll,ll,lm,--,lm,lm,--,ll,lm,ll,--,lm
*_SCFLD189_480529,<lmxll>,--,--,--,--,--,--,--,--,--,--,--,lm,--,lm,--,--,--,ll,ll,--,--,lm,ll,--,--,lm,lm,lm,lm,--,--,--,--,lm,ll,--,lm,--,--,ll,lm,ll,lm,--,--,lm,--,ll,lm,lm,ll,ll,ll,--,--,--,lm,--,ll,ll,ll,lm,ll,lm,ll,lm,--,lm,--,--,ll,ll,--,--,--,--,ll,--,--,ll,--,--,lm,--,--,--,lm,ll,ll,lm
*_SCFLD189_480531,<nnxnp>,--,--,--,--,--,--,--,--,--,--,nn,nn,--,np,--,--,--,nn,nn,--,--,nn,nn,--,--,nn,nn,np,nn,--,--,--,--,np,np,--,nn,--,--,np,nn,nn,nn,--,--,np,--,nn,np,nn,np,np,np,--,--,--,nn,--,nn,np,nn,nn,np,nn,np,np,--,np,--,--,nn,nn,--,--,--,nn,nn,--,--,np,--,--,np,--,--,--,np,--,np,nn
*_SCFLD189_487320,<hkxhk>,hh,kk,--,--,hk,--,hk,hk,--,--,--,hk,--,kk,--,kk,--,hh,--,--,kk,hk,hh,--,kk,hk,hk,kk,hk,hh,--,--,hh,--,hk,--,hk,hh,--,--,hk,hh,hk,kk,hk,kk,hh,--,--,hk,hk,hk,hk,kk,hk,hk,--,hk,hh,hk,hh,--,--,hk,--,kk,hh,kk,hk,--,hh,hh,hh,hk,--,hk,hk,hk,hh,--,kk,--,--,kk,--,--,--,--,--,--
*_SCFLD189_491333,<nnxnp>,--,--,np,--,np,--,--,--,--,--,nn,--,--,np,--,np,nn,nn,--,np,np,nn,nn,--,--,nn,--,np,nn,--,--,--,--,--,np,np,nn,--,--,--,--,nn,--,np,np,--,nn,nn,--,nn,np,np,--,np,nn,nn,nn,--,nn,--,--,nn,--,nn,--,np,nn,np,np,--,--,nn,--,--,--,nn,np,np,nn,--,--,--,np,np,--,--,--,--,np,--
*_SCFLD189_491347,<hkxhk>,--,--,kk,--,hk,--,--,--,--,hk,--,--,--,kk,--,kk,hk,hh,--,hk,kk,hk,--,--,--,hk,--,kk,hk,--,--,--,--,--,hk,hk,--,--,--,--,--,hh,--,kk,hk,kk,hh,hh,--,hk,hk,hk,--,kk,kk,hk,hk,--,hh,--,--,hk,--,hk,--,kk,hh,kk,hk,--,--,hh,--,--,--,hk,hk,hk,hh,--,--,--,kk,kk,--,--,--,--,hk,--
*_SCFLD189_491483,<lmxll>,--,lm,--,--,ll,--,--,lm,--,ll,--,lm,lm,lm,--,lm,lm,--,ll,ll,lm,lm,ll,--,--,lm,lm,--,lm,--,ll,--,ll,--,ll,--,--,ll,--,--,lm,ll,lm,lm,--,lm,ll,ll,lm,lm,ll,ll,ll,--,--,lm,--,--,ll,--,ll,lm,ll,lm,--,lm,--,--,--,lm,ll,ll,ll,ll,--,lm,--,--,--,ll,lm,--,lm,lm,--,--,lm,--,ll,lm
*_SCFLD189_512017,<hkxhk>,--,--,--,--,--,--,hk,--,--,--,--,hk,--,kk,--,kk,hk,--,hh,--,kk,hk,hh,--,kk,hk,hk,kk,hk,hh,hh,--,hh,kk,hk,--,--,--,--,--,--,hh,hk,kk,--,kk,--,--,kk,hk,--,hk,hk,kk,hk,hk,hk,hk,--,hk,hh,hk,--,--,hk,kk,hh,--,--,--,hh,hh,--,--,--,--,--,hk,hh,--,--,--,kk,kk,hh,hh,kk,--,hk,--
*_SCFLD189_512035,<nnxnp>,--,--,--,--,--,--,nn,--,--,--,--,nn,--,np,--,np,nn,--,--,--,np,nn,nn,--,np,nn,nn,nn,nn,nn,nn,--,nn,np,--,--,--,--,--,--,--,nn,--,np,--,np,--,--,np,nn,--,np,np,np,nn,nn,nn,np,--,np,nn,nn,--,--,np,np,nn,--,--,--,nn,nn,--,--,--,--,--,--,nn,--,--,--,np,np,nn,nn,np,--,np,--
*_SCFLD189_514167,<nnxnp>,nn,np,np,--,np,--,nn,--,nn,nn,--,nn,--,--,--,np,nn,--,nn,--,np,nn,--,--,--,nn,--,--,nn,nn,nn,--,--,np,np,--,nn,nn,--,--,nn,nn,nn,np,np,np,--,--,--,nn,--,--,--,np,nn,nn,nn,--,nn,np,nn,nn,np,--,np,np,nn,np,np,--,--,nn,nn,--,--,--,--,--,nn,--,np,--,--,--,nn,--,np,--,np,--
*_SCFLD189_514180,<lmxll>,--,lm,lm,--,ll,--,lm,--,lm,ll,lm,lm,--,--,ll,lm,lm,--,ll,--,lm,lm,--,--,--,lm,--,--,--,ll,ll,--,--,lm,ll,--,lm,ll,--,--,lm,ll,lm,lm,ll,lm,--,--,--,lm,--,--,--,lm,lm,lm,lm,--,ll,ll,ll,lm,ll,--,ll,lm,ll,lm,ll,--,--,ll,ll,--,--,--,--,--,ll,--,lm,--,--,--,ll,--,lm,--,ll,--
*_SCFLD190_125220,<nnxnp>,--,--,nn,--,np,--,np,--,--,np,np,--,--,--,--,--,np,nn,np,--,nn,--,--,--,nn,np,--,nn,nn,nn,nn,--,--,np,nn,--,nn,np,--,--,np,nn,--,--,nn,nn,np,--,np,np,np,np,--,--,np,--,--,nn,np,--,--,nn,--,np,np,nn,np,--,--,--,--,np,nn,--,--,nn,--,--,nn,--,--,--,--,--,nn,--,--,--,--,--
*_SCFLD191_3996,<hkxhk>,--,hh,--,--,--,--,hk,hh,--,hk,--,hk,--,hk,--,kk,kk,--,hk,hk,kk,--,--,--,--,--,hh,hk,hk,--,--,--,--,--,hk,--,hh,hh,--,hh,hk,--,--,hk,--,hk,hh,--,--,hh,--,--,--,hh,--,kk,--,--,hh,hk,kk,kk,--,hk,hh,--,hh,hh,hk,--,--,hh,--,kk,--,--,--,hk,--,--,hk,--,--,kk,--,--,hk,--,hk,--
*_SCFLD191_54952,<hkxhk>,--,--,kk,--,--,--,hk,--,--,hk,--,--,--,hk,--,hh,hh,hk,--,hk,hh,hh,kk,--,--,hk,--,hk,hk,hk,kk,--,hh,--,hk,--,kk,kk,hk,--,hk,--,--,hk,--,--,kk,kk,--,kk,hh,--,kk,kk,--,--,--,--,--,hk,--,hh,hk,--,kk,--,--,kk,--,kk,--,kk,hk,--,--,--,hh,--,hh,kk,--,--,--,--,--,--,hk,hk,--,--
*_SCFLD191_68900,<nnxnp>,--,np,np,--,--,--,--,np,--,nn,--,--,--,nn,--,--,nn,np,np,--,nn,nn,np,--,np,--,--,nn,--,--,--,--,--,nn,np,--,--,np,--,--,nn,np,nn,np,--,nn,--,--,--,np,nn,nn,np,np,np,nn,nn,nn,np,--,nn,nn,np,np,np,nn,--,np,nn,--,nn,np,--,--,--,nn,nn,nn,--,--,np,--,--,--,--,--,nn,nn,np,--
*_SCFLD191_80155,<nnxnp>,--,--,--,--,np,--,np,--,--,nn,--,--,--,nn,--,nn,nn,--,--,np,--,nn,np,--,--,nn,np,nn,nn,--,--,--,--,--,--,--,--,--,--,np,--,np,--,np,--,nn,np,--,np,np,nn,--,np,--,np,nn,--,--,np,np,--,nn,np,--,np,nn,np,--,--,--,--,np,--,--,--,nn,nn,--,nn,--,np,--,--,--,np,np,nn,--,nn,--
*_SCFLD191_253886,<hkxhk>,--,--,hk,--,hk,--,hh,--,--,kk,--,kk,--,kk,--,--,hk,--,--,--,hk,hk,--,--,hh,kk,hk,kk,kk,--,--,--,--,hk,--,--,--,--,--,--,kk,--,--,hh,hk,kk,--,--,hh,hk,--,hk,--,hk,hh,--,--,--,hk,hh,--,hk,--,hh,--,hk,--,hk,kk,--,hk,hk,--,hk,--,--,--,kk,--,hk,hh,--,kk,hk,--,--,kk,--,hh,--
*_SCFLD191_351373,<nnxnp>,--,np,--,--,np,np,np,np,np,--,nn,nn,--,nn,--,--,nn,np,np,np,nn,nn,np,--,np,--,np,nn,--,np,np,--,nn,--,np,np,np,np,--,--,nn,--,nn,np,np,nn,np,np,np,np,nn,--,np,np,--,--,--,--,np,--,nn,nn,np,np,np,nn,np,--,nn,np,nn,np,nn,--,--,--,nn,nn,nn,np,np,--,nn,nn,np,--,--,--,np,--
*_SCFLD191_352730,<lmxll>,--,--,ll,--,--,--,lm,ll,ll,--,--,ll,--,ll,--,--,lm,lm,lm,lm,lm,--,ll,--,lm,--,ll,--,--,lm,--,--,--,--,lm,ll,ll,ll,--,--,ll,ll,--,lm,ll,ll,ll,ll,--,ll,lm,--,--,ll,lm,ll,--,ll,ll,lm,--,--,lm,lm,lm,lm,ll,ll,--,--,lm,ll,--,--,--,--,--,ll,--,--,lm,--,--,lm,--,lm,ll,--,lm,--
*_SCFLD191_369601,<nnxnp>,--,--,nn,--,np,--,np,--,--,nn,nn,nn,--,nn,--,nn,nn,--,np,np,nn,nn,--,--,--,nn,np,nn,--,np,--,--,nn,--,np,np,--,np,--,--,--,--,nn,--,--,nn,np,--,np,np,nn,--,np,np,--,nn,--,--,--,--,--,--,--,np,np,nn,--,--,--,--,--,np,--,--,np,nn,nn,--,--,--,np,--,nn,nn,--,--,--,nn,--,--
*_SCFLD191_373109,<nnxnp>,--,np,np,--,--,--,--,--,--,nn,--,nn,nn,nn,--,--,nn,--,np,--,nn,nn,--,--,np,nn,--,--,nn,--,--,--,--,nn,--,np,np,np,--,--,nn,--,--,--,--,nn,np,--,--,np,nn,nn,np,--,--,nn,--,--,np,np,--,--,np,np,--,nn,--,np,nn,--,nn,np,--,--,--,nn,nn,nn,--,--,--,--,nn,--,--,--,nn,--,np,--
*_SCFLD191_473203,<nnxnp>,--,--,np,--,--,--,--,np,--,nn,--,--,--,--,--,--,--,np,np,--,nn,nn,np,--,np,nn,np,nn,nn,np,--,--,--,nn,np,--,--,np,--,--,nn,np,nn,--,--,nn,np,--,np,np,nn,nn,--,np,np,nn,--,--,np,np,nn,nn,np,--,np,--,--,np,nn,--,nn,np,--,nn,--,nn,nn,--,--,--,--,--,--,nn,np,--,nn,--,np,nn
*_SCFLD192_307452,<lmxll>,--,--,ll,--,ll,lm,--,lm,--,ll,--,--,--,ll,lm,--,--,lm,ll,ll,lm,--,ll,--,--,ll,--,lm,lm,--,--,--,--,--,lm,--,lm,ll,--,--,--,ll,lm,lm,ll,lm,ll,--,--,ll,ll,ll,lm,ll,--,ll,ll,--,ll,--,--,ll,--,--,lm,lm,--,--,lm,lm,--,lm,--,--,--,--,ll,ll,ll,--,ll,--,ll,ll,--,lm,--,--,--,--
*_SCFLD192_348332,<hkxhk>,--,kk,hk,--,kk,--,hk,hh,hk,hk,hk,hk,--,hk,kk,hh,hh,--,kk,--,--,kk,hk,--,kk,hk,hh,--,hk,hh,hk,--,--,kk,hh,kk,hh,kk,hk,hk,hh,kk,--,--,hk,hh,hk,--,hh,hk,kk,hk,hh,hk,hk,hk,kk,--,kk,--,hk,kk,hh,hk,--,hh,--,--,hh,hh,--,hh,--,--,--,kk,hk,hk,hk,--,hk,--,kk,--,--,--,--,kk,hk,hh
*_SCFLD193_47835,<lmxll>,--,--,lm,--,lm,lm,--,--,ll,lm,--,--,--,ll,--,ll,lm,ll,--,--,ll,--,lm,--,lm,ll,--,--,lm,--,--,--,--,--,ll,ll,--,ll,lm,--,ll,ll,ll,lm,ll,ll,lm,--,lm,lm,ll,--,lm,--,ll,--,ll,--,lm,lm,ll,lm,ll,ll,ll,lm,--,--,--,--,lm,ll,lm,--,--,ll,ll,--,--,--,ll,--,ll,ll,--,ll,lm,--,lm,--
*_SCFLD193_87433,<lmxll>,--,--,lm,--,lm,--,--,lm,--,lm,--,ll,--,ll,--,ll,lm,ll,ll,ll,ll,lm,lm,--,lm,ll,ll,--,lm,lm,lm,ll,ll,--,--,ll,ll,--,--,--,--,--,ll,--,--,ll,lm,--,lm,lm,--,--,lm,ll,--,--,lm,--,lm,lm,ll,lm,ll,ll,ll,--,--,ll,--,--,lm,ll,lm,--,--,--,--,--,ll,--,--,--,--,ll,lm,ll,lm,--,--,lm
*_SCFLD193_102855,<nnxnp>,--,np,nn,--,np,--,--,--,np,--,--,nn,--,np,--,--,--,--,nn,--,--,nn,nn,--,--,np,np,np,np,np,np,--,nn,--,--,np,np,nn,nn,--,nn,--,--,np,--,np,nn,--,np,nn,np,--,--,--,np,--,--,--,nn,np,--,--,np,nn,nn,nn,--,--,--,--,np,np,nn,--,--,nn,nn,--,nn,--,--,--,nn,--,nn,--,np,np,np,np
*_SCFLD193_289952,<lmxll>,--,--,lm,--,lm,lm,--,--,--,lm,ll,ll,lm,ll,--,--,--,ll,--,--,ll,lm,lm,--,--,ll,ll,lm,lm,lm,lm,ll,ll,--,ll,ll,ll,--,--,lm,ll,--,ll,lm,ll,ll,lm,ll,lm,lm,ll,ll,--,ll,--,ll,--,--,lm,lm,ll,--,ll,ll,ll,lm,--,ll,ll,ll,lm,ll,lm,--,--,--,ll,--,--,--,ll,--,ll,ll,--,--,lm,lm,lm,lm
*_SCFLD193_413101,<lmxll>,--,lm,ll,--,--,--,--,ll,--,ll,--,lm,--,lm,--,--,ll,lm,lm,lm,lm,--,--,--,ll,lm,lm,ll,ll,ll,--,--,lm,--,lm,lm,lm,--,--,--,lm,lm,--,--,--,lm,ll,--,ll,--,--,lm,--,lm,--,--,--,lm,--,ll,--,ll,lm,lm,--,--,--,--,--,--,--,lm,--,--,ll,lm,lm,--,lm,--,--,--,lm,lm,ll,--,ll,--,ll,--
*_SCFLD194_132552,<lmxll>,--,--,lm,ll,lm,--,ll,--,--,lm,ll,lm,lm,lm,ll,--,ll,ll,ll,--,--,ll,--,ll,--,--,lm,--,--,lm,ll,--,--,--,lm,lm,lm,--,--,--,lm,lm,ll,ll,lm,--,--,lm,ll,lm,ll,ll,ll,lm,--,lm,ll,--,lm,ll,ll,ll,ll,ll,--,--,ll,ll,lm,--,--,lm,--,--,--,ll,ll,--,ll,ll,--,--,lm,ll,ll,ll,ll,--,--,--
*_SCFLD194_281372,<lmxll>,--,--,ll,--,ll,--,--,ll,ll,ll,--,--,--,ll,--,lm,lm,lm,lm,lm,lm,--,ll,--,lm,ll,ll,ll,ll,ll,lm,--,--,--,--,ll,ll,--,--,--,ll,--,--,lm,ll,ll,lm,ll,lm,ll,lm,lm,--,ll,--,ll,lm,--,ll,lm,lm,lm,lm,lm,lm,ll,lm,lm,ll,--,lm,ll,lm,--,--,lm,lm,ll,lm,lm,lm,--,ll,lm,lm,lm,ll,--,--,lm
*_SCFLD194_388679,<lmxll>,--,ll,ll,--,ll,--,--,--,ll,--,--,--,--,ll,lm,lm,--,lm,--,--,lm,--,ll,--,--,--,--,ll,ll,ll,lm,lm,--,--,ll,--,--,--,--,--,ll,--,lm,--,ll,--,lm,--,lm,ll,--,lm,--,ll,lm,ll,--,--,--,lm,--,lm,ll,--,lm,ll,lm,lm,ll,--,--,ll,lm,--,--,lm,--,--,--,lm,--,--,--,lm,lm,--,ll,--,ll,lm
*_SCFLD194_473302,<lmxll>,--,--,lm,--,--,--,ll,--,--,--,--,--,--,lm,--,--,ll,--,ll,--,ll,ll,lm,--,ll,lm,lm,--,lm,lm,ll,ll,ll,ll,lm,--,lm,ll,--,--,lm,lm,--,ll,lm,--,ll,--,ll,lm,ll,ll,--,--,ll,--,--,--,lm,--,--,ll,lm,--,ll,lm,--,ll,--,--,--,lm,ll,ll,--,ll,ll,--,ll,ll,--,--,--,--,ll,--,lm,--,--,ll
*_SCFLD195_615,<lmxll>,--,--,ll,--,--,ll,lm,--,--,ll,lm,--,--,lm,lm,--,ll,--,ll,--,--,ll,--,ll,lm,lm,lm,ll,lm,lm,--,ll,--,--,ll,ll,lm,ll,--,--,ll,lm,ll,ll,--,ll,lm,lm,ll,ll,--,--,lm,lm,ll,--,ll,--,ll,--,lm,ll,lm,lm,ll,lm,--,lm,--,--,lm,ll,lm,--,--,lm,lm,lm,ll,--,--,--,lm,--,--,--,ll,ll,--,--
*_SCFLD195_28802,<lmxll>,--,ll,--,--,lm,--,lm,ll,ll,ll,lm,--,--,--,--,ll,ll,ll,ll,lm,lm,ll,lm,--,--,lm,--,--,lm,--,--,ll,--,lm,ll,ll,lm,--,--,--,--,lm,--,ll,--,ll,--,--,--,ll,ll,--,--,lm,--,--,--,--,ll,--,lm,ll,lm,lm,ll,lm,--,lm,ll,--,--,ll,--,--,--,--,lm,--,ll,--,lm,--,lm,--,ll,--,ll,ll,ll,--
*_SCFLD195_116559,<lmxll>,--,ll,ll,--,lm,--,lm,ll,--,ll,--,lm,--,lm,--,ll,ll,--,--,--,lm,ll,--,--,--,lm,lm,ll,lm,--,lm,--,lm,--,ll,--,--,ll,--,lm,ll,--,ll,ll,--,ll,lm,lm,ll,ll,ll,ll,--,--,--,ll,--,--,ll,--,--,ll,--,--,--,lm,ll,lm,--,ll,lm,ll,lm,--,--,lm,--,--,ll,--,lm,--,lm,--,--,--,ll,--,ll,--
*_SCFLD195_184708,<lmxll>,--,--,--,--,--,--,lm,--,--,ll,lm,lm,--,--,--,ll,--,ll,--,lm,lm,ll,lm,--,lm,lm,--,ll,lm,lm,lm,--,--,--,ll,ll,lm,--,--,--,ll,lm,ll,ll,lm,ll,lm,lm,ll,ll,ll,--,lm,lm,ll,--,--,ll,ll,--,--,ll,--,lm,ll,lm,ll,lm,ll,--,lm,ll,lm,--,ll,lm,lm,lm,--,--,lm,--,lm,lm,ll,--,ll,--,ll,--
*_SCFLD195_239994,<lmxll>,lm,ll,ll,--,lm,--,--,--,--,ll,--,lm,--,lm,--,ll,ll,--,ll,--,lm,--,--,--,lm,lm,--,--,lm,--,--,--,lm,lm,ll,--,lm,--,--,--,ll,lm,--,ll,lm,ll,lm,lm,ll,ll,ll,ll,--,lm,ll,--,--,--,ll,lm,lm,ll,lm,lm,ll,lm,ll,lm,ll,--,lm,ll,lm,--,--,ll,--,--,--,--,--,--,--,--,--,ll,--,--,ll,lm
*_SCFLD195_276362,<nnxnp>,--,--,--,--,nn,--,--,nn,--,np,--,--,--,nn,--,--,np,nn,--,np,np,nn,nn,--,nn,np,np,np,nn,nn,--,--,--,--,np,np,nn,--,--,nn,--,np,np,nn,--,nn,nn,np,nn,np,--,--,np,nn,--,--,--,--,nn,np,np,np,--,np,--,--,--,np,nn,np,--,nn,--,np,nn,nn,np,np,nn,--,nn,--,--,--,nn,--,--,--,nn,nn
*_SCFLD195_303388,<lmxll>,--,ll,ll,--,lm,--,--,--,--,ll,--,lm,--,lm,lm,--,ll,--,--,--,lm,ll,--,--,--,--,--,--,--,lm,lm,--,--,--,ll,ll,--,--,--,--,ll,lm,ll,ll,lm,ll,lm,--,ll,ll,ll,ll,--,--,ll,ll,--,--,--,lm,lm,ll,lm,--,ll,lm,ll,--,ll,ll,--,ll,--,--,--,lm,lm,lm,ll,--,--,--,--,lm,ll,--,ll,--,--,lm
*_SCFLD195_304883,<lmxll>,--,ll,ll,--,--,ll,lm,--,--,ll,--,lm,--,--,--,--,ll,--,ll,lm,lm,ll,lm,--,--,lm,lm,ll,lm,--,lm,ll,lm,lm,ll,ll,lm,ll,--,--,ll,--,--,ll,lm,ll,--,lm,ll,ll,ll,ll,lm,lm,ll,--,--,--,ll,lm,lm,ll,--,lm,--,lm,lm,lm,ll,--,lm,ll,lm,--,ll,lm,--,--,--,ll,lm,--,--,--,ll,--,ll,--,ll,lm
*_SCFLD195_324629,<lmxll>,--,ll,ll,--,--,ll,lm,ll,--,ll,--,lm,ll,lm,--,ll,ll,ll,ll,--,lm,ll,--,--,lm,lm,--,ll,lm,--,--,--,lm,lm,ll,ll,lm,ll,--,--,ll,lm,--,--,--,ll,lm,--,ll,ll,ll,ll,--,lm,ll,--,--,--,ll,--,lm,ll,--,lm,--,--,ll,lm,--,--,lm,ll,--,--,--,lm,--,lm,ll,ll,--,--,--,--,ll,--,ll,ll,ll,lm
*_SCFLD196_75888,<nnxnp>,np,--,np,--,nn,--,nn,--,--,--,nn,--,--,nn,--,nn,nn,--,np,--,np,np,--,--,--,nn,nn,np,nn,nn,--,--,--,--,np,nn,nn,np,--,--,np,np,nn,np,np,np,np,np,nn,np,nn,--,nn,--,np,--,--,--,np,nn,--,nn,nn,np,--,np,nn,nn,--,np,nn,nn,nn,nn,--,np,np,np,--,--,nn,--,np,np,np,--,nn,--,nn,nn
*_SCFLD196_97535,<lmxll>,ll,--,--,--,ll,lm,ll,ll,--,--,--,lm,--,lm,--,lm,ll,--,lm,--,lm,ll,lm,--,--,--,ll,ll,--,--,ll,--,ll,lm,lm,lm,lm,--,--,--,lm,lm,lm,--,--,lm,ll,lm,--,ll,lm,lm,ll,--,ll,--,--,lm,--,ll,lm,ll,--,lm,lm,ll,--,lm,lm,--,ll,lm,--,--,--,lm,lm,--,--,--,--,--,lm,--,--,lm,lm,lm,--,ll
*_SCFLD196_417961,<hkxhk>,--,--,hk,--,hh,--,--,--,--,hk,--,kk,--,hk,hk,hk,hh,hk,--,kk,kk,hk,kk,--,hh,hk,hh,--,hh,hh,--,--,--,--,kk,--,--,--,--,--,kk,--,--,hk,kk,kk,--,kk,--,hk,hk,--,hh,--,kk,--,--,--,kk,hh,kk,hh,hk,--,--,hk,--,hk,--,hk,--,hk,hh,--,--,kk,kk,--,hk,--,hh,--,hk,--,--,--,hk,kk,--,hh
*_SCFLD197_182917,<nnxnp>,--,nn,np,--,nn,--,np,np,--,np,--,np,--,--,--,--,np,np,nn,nn,--,--,np,--,nn,--,np,nn,--,--,--,--,--,nn,--,--,np,nn,--,--,np,--,np,--,np,np,np,--,np,--,nn,--,--,--,np,--,--,nn,nn,--,np,--,np,--,nn,np,nn,--,--,--,nn,np,nn,--,--,--,np,--,np,--,np,--,nn,np,np,--,--,nn,--,--
*_SCFLD197_182945,<hkxhk>,--,kk,hk,--,kk,--,hk,hh,--,hk,--,hk,--,--,--,--,hh,hh,kk,kk,--,--,hk,--,kk,--,hh,hk,--,hh,--,--,--,kk,--,kk,hh,kk,--,--,hh,--,hh,--,hk,hh,hk,--,hh,--,kk,--,--,--,--,--,--,kk,--,--,hk,kk,hh,hk,hk,hh,kk,hk,--,--,hk,hh,hk,--,--,--,hk,hk,hk,--,hk,--,kk,hk,hk,--,--,kk,--,--
*_SCFLD198_195960,<lmxll>,lm,ll,lm,--,ll,--,--,lm,--,ll,--,--,--,ll,--,lm,lm,--,ll,ll,lm,ll,ll,--,lm,--,--,ll,ll,--,ll,--,--,ll,ll,lm,lm,--,--,--,lm,lm,lm,ll,ll,ll,--,--,lm,ll,lm,lm,lm,lm,--,lm,--,ll,ll,lm,ll,lm,ll,ll,--,ll,lm,ll,lm,--,--,lm,lm,lm,ll,ll,ll,ll,--,--,ll,--,--,--,ll,ll,ll,--,--,lm
*_SCFLD198_251633,<lmxll>,--,--,--,--,--,--,ll,ll,lm,lm,--,lm,--,lm,--,ll,ll,lm,--,lm,ll,lm,lm,--,ll,--,--,--,lm,ll,lm,--,--,--,lm,ll,ll,--,--,--,ll,--,--,lm,lm,lm,--,--,ll,lm,ll,--,ll,ll,--,ll,--,lm,lm,--,--,ll,lm,lm,ll,lm,ll,lm,--,--,lm,ll,--,--,--,lm,lm,--,--,--,lm,--,ll,ll,lm,lm,--,lm,ll,ll
*_SCFLD199_154841,<lmxll>,lm,--,ll,--,ll,--,--,--,--,ll,--,--,--,ll,--,lm,ll,ll,lm,--,lm,lm,--,--,lm,--,lm,--,ll,lm,--,--,--,--,lm,--,lm,lm,--,--,ll,--,ll,--,--,--,ll,--,ll,--,ll,--,--,lm,lm,ll,--,--,lm,--,lm,ll,ll,ll,--,ll,--,ll,--,--,lm,ll,--,--,--,lm,ll,ll,ll,--,--,--,--,lm,ll,--,ll,--,ll,--
*_SCFLD199_225839,<hkxhk>,--,hk,--,--,--,hk,hk,--,--,kk,--,--,kk,hk,--,hh,hk,hk,hk,--,--,--,hk,--,hh,--,kk,--,--,--,hh,--,hk,--,hh,hk,hh,--,--,--,hk,--,hk,hh,hk,--,--,--,--,--,kk,hk,--,--,--,--,--,--,hk,--,hh,hk,--,kk,hh,kk,hh,hk,hk,--,--,kk,--,--,--,--,kk,kk,--,hh,hk,hh,hk,--,hk,--,hk,--,--,hh
*_SCFLD199_345108,<lmxll>,--,ll,ll,--,--,--,--,--,--,ll,ll,lm,--,ll,lm,lm,ll,ll,lm,lm,lm,lm,--,--,--,ll,--,lm,ll,--,lm,--,lm,--,--,--,lm,lm,--,--,ll,--,--,--,--,lm,ll,ll,ll,ll,ll,lm,ll,lm,lm,ll,ll,ll,--,--,lm,ll,ll,ll,lm,ll,--,--,lm,--,lm,ll,--,ll,--,lm,--,ll,ll,lm,ll,lm,--,lm,ll,--,ll,ll,ll,lm
*_SCFLD199_407704,<hkxhk>,--,--,kk,--,--,--,hh,--,hk,hk,--,hh,--,--,--,--,kk,--,hh,hh,--,--,--,--,hk,kk,hh,--,kk,hh,hk,--,hh,--,--,--,kk,hh,--,--,kk,hk,--,hk,--,hh,kk,--,hk,hk,--,hk,hk,hk,hh,hk,hk,hk,hh,hh,hk,--,--,--,hk,--,--,kk,--,--,hk,hk,--,--,--,hh,hk,hk,--,--,--,--,hh,hh,kk,hk,kk,hk,hk,--
*_SCFLD199_440229,<lmxll>,lm,--,ll,--,--,ll,lm,lm,lm,ll,ll,lm,ll,ll,lm,lm,ll,ll,lm,lm,--,lm,--,--,lm,ll,--,lm,--,lm,lm,--,--,lm,lm,lm,lm,lm,--,--,ll,ll,ll,lm,ll,lm,ll,--,--,ll,ll,lm,ll,--,--,ll,--,--,lm,--,lm,ll,ll,ll,lm,ll,ll,ll,--,lm,lm,ll,--,ll,ll,lm,ll,--,ll,--,--,--,--,lm,ll,lm,--,ll,ll,lm
*_SCFLD199_448332,<lmxll>,lm,ll,ll,--,ll,--,lm,lm,--,ll,--,lm,--,ll,--,lm,--,ll,lm,lm,lm,lm,ll,--,lm,ll,lm,lm,ll,--,lm,--,--,lm,lm,lm,lm,--,--,--,ll,--,--,lm,--,lm,--,ll,ll,ll,ll,--,ll,lm,--,--,--,--,--,lm,lm,ll,ll,ll,--,ll,lm,ll,lm,--,--,ll,--,--,--,lm,ll,--,ll,--,--,--,lm,--,ll,lm,--,--,ll,--
*_SCFLD200_16936,<lmxll>,--,ll,--,--,--,lm,lm,--,lm,lm,lm,lm,--,lm,--,ll,ll,lm,ll,--,ll,ll,ll,--,--,--,ll,--,--,lm,--,--,--,--,ll,lm,lm,ll,lm,--,ll,lm,ll,ll,lm,ll,--,lm,ll,ll,ll,--,lm,ll,--,lm,lm,--,lm,ll,ll,--,lm,--,lm,ll,--,--,ll,lm,ll,lm,ll,--,--,--,lm,lm,--,lm,lm,--,--,lm,lm,--,lm,--,lm,--
*_SCFLD200_16994,<nnxnp>,--,--,--,--,--,--,np,--,--,np,--,nn,--,np,--,np,nn,--,nn,--,nn,--,--,--,--,nn,np,--,--,np,--,--,--,--,nn,nn,np,--,--,--,np,nn,nn,nn,nn,np,--,nn,np,np,np,--,nn,--,--,--,--,--,nn,nn,np,nn,np,--,np,nn,--,--,np,np,nn,nn,nn,--,--,--,nn,np,--,--,--,--,--,--,nn,--,nn,--,np,--
*_SCFLD200_36499,<nnxnp>,--,np,--,--,nn,--,np,--,nn,np,--,--,--,np,np,np,--,nn,nn,--,nn,--,nn,--,--,--,np,--,np,np,nn,nn,--,--,nn,nn,np,nn,--,--,np,nn,nn,nn,nn,--,nn,--,np,np,np,np,--,np,np,np,--,--,nn,nn,--,nn,np,np,np,--,nn,--,np,np,nn,nn,nn,--,--,np,nn,np,np,np,--,--,np,--,--,--,nn,nn,np,nn
*_SCFLD200_102004,<nnxnp>,--,np,np,--,--,--,np,--,--,--,--,nn,--,np,--,--,nn,--,nn,nn,--,np,--,--,np,nn,np,nn,np,np,--,--,--,--,nn,--,np,nn,--,--,--,--,nn,--,nn,np,nn,--,np,np,np,np,--,np,np,np,np,nn,nn,nn,--,nn,np,--,np,nn,nn,np,np,--,nn,nn,nn,--,np,np,--,np,np,--,np,np,np,--,nn,np,nn,nn,np,--
*_SCFLD200_150062,<hkxhk>,--,hk,kk,--,--,hk,kk,--,--,kk,kk,hk,--,kk,hk,--,--,hk,--,--,hh,hk,--,--,--,--,--,--,--,kk,--,--,--,--,hh,--,--,--,--,--,hk,hk,hh,hh,hk,hk,--,hk,hk,hk,hk,--,hk,hk,--,--,--,--,hk,hh,--,hk,kk,kk,--,hh,hh,--,--,kk,hh,hk,hh,--,kk,hk,--,kk,hk,kk,--,--,hk,--,--,--,hk,hh,--,hk
*_SCFLD200_212204,<lmxll>,--,lm,--,--,--,--,ll,lm,--,ll,--,ll,--,ll,--,--,lm,--,lm,ll,lm,lm,--,--,--,lm,--,ll,lm,ll,--,--,ll,lm,--,ll,--,lm,ll,--,lm,ll,lm,--,--,lm,lm,ll,lm,lm,lm,ll,--,--,lm,ll,--,--,ll,lm,lm,ll,ll,ll,--,lm,lm,ll,lm,--,--,ll,--,--,--,lm,--,ll,lm,--,ll,--,lm,ll,ll,--,ll,lm,ll,ll
*_SCFLD200_228848,<nnxnp>,--,--,nn,--,--,np,--,--,--,nn,--,--,--,nn,nn,nn,--,--,--,--,--,--,np,--,nn,np,--,--,nn,--,np,--,--,--,np,np,--,np,--,--,nn,--,np,np,np,nn,--,np,nn,nn,nn,nn,np,--,nn,--,--,--,np,np,--,np,--,nn,nn,--,--,nn,nn,--,--,np,--,--,--,nn,np,nn,nn,--,nn,--,nn,--,np,--,np,np,nn,--
*_SCFLD200_228853,<lmxll>,--,--,ll,--,--,ll,--,--,--,ll,--,ll,--,ll,lm,lm,--,--,--,--,--,--,lm,--,--,lm,--,--,lm,--,ll,--,--,--,lm,ll,--,lm,--,--,lm,--,lm,lm,ll,lm,--,ll,lm,lm,lm,ll,ll,--,lm,--,--,--,ll,lm,--,ll,--,ll,ll,--,--,ll,lm,--,--,ll,--,--,--,lm,ll,ll,lm,--,ll,--,lm,--,ll,--,ll,lm,ll,--
*_SCFLD200_228879,<hkxhk>,--,--,kk,--,--,hk,--,--,--,kk,kk,--,--,kk,hk,hk,--,--,hh,--,--,--,hh,--,--,hh,hk,--,hk,--,hk,--,hk,--,hh,hk,--,hh,--,--,hk,--,hh,hh,hk,hk,hh,hk,hk,hk,hk,kk,hk,--,hk,--,--,--,hk,hh,--,hk,--,kk,kk,--,hh,kk,hk,--,--,hk,--,--,--,hk,hk,kk,hk,--,kk,--,hk,--,hk,--,hk,hh,kk,--
*_SCFLD200_250949,<lmxll>,--,lm,ll,--,--,--,--,--,--,--,ll,ll,--,ll,--,lm,lm,ll,lm,ll,lm,lm,lm,--,lm,lm,lm,ll,lm,ll,--,--,ll,lm,lm,ll,ll,lm,--,--,lm,ll,lm,lm,ll,lm,lm,--,--,lm,--,ll,ll,--,lm,--,--,--,--,lm,lm,--,ll,ll,--,--,lm,ll,lm,--,--,ll,--,--,ll,lm,--,ll,lm,--,--,--,lm,ll,ll,ll,--,--,ll,ll
*_SCFLD200_325313,<hkxhk>,hk,hk,kk,--,hh,hk,--,hh,--,kk,--,hk,--,kk,hk,hk,--,--,--,--,hh,hk,hh,--,--,hh,hk,hk,hk,kk,--,--,--,hh,hh,--,kk,--,--,--,hk,hk,hh,hh,hk,hk,--,hk,hk,hk,hk,--,hk,hk,hk,kk,--,--,hk,hh,hk,hk,kk,--,kk,hh,hh,kk,hk,kk,--,hk,hh,--,kk,hk,hk,--,hk,kk,--,--,hk,--,--,--,hk,hh,kk,--
*_SCFLD200_363607,<nnxnp>,--,--,nn,--,np,--,nn,np,--,nn,nn,--,--,nn,--,nn,np,np,np,--,np,nn,np,--,--,np,nn,np,nn,--,np,--,--,--,np,--,nn,--,--,--,nn,np,--,--,np,nn,--,np,--,nn,nn,--,--,nn,--,nn,--,np,--,--,--,np,nn,--,nn,np,np,nn,nn,nn,--,np,np,--,--,--,np,nn,nn,nn,nn,--,nn,nn,np,--,np,--,nn,np
*_SCFLD200_379241,<hkxhk>,kk,--,--,--,--,--,--,--,--,hk,--,hh,--,hk,--,--,--,hh,hk,hh,--,kk,--,hh,--,hh,kk,hh,--,--,hh,--,hh,--,hk,hh,hk,hk,--,--,--,hh,--,hk,--,kk,hk,hh,kk,kk,--,--,hh,kk,--,hk,--,hh,--,--,--,hh,--,hk,hk,--,--,hk,kk,--,hk,hh,hk,--,hk,--,hh,--,kk,--,--,--,kk,hk,--,--,hh,hk,hk,--
*_SCFLD201_159375,<lmxll>,--,ll,lm,--,--,--,lm,--,lm,lm,--,ll,ll,ll,ll,ll,ll,--,ll,lm,ll,ll,lm,--,lm,lm,ll,--,ll,ll,ll,--,lm,--,ll,lm,ll,ll,--,ll,ll,--,lm,ll,lm,ll,lm,--,--,lm,ll,ll,ll,lm,ll,lm,ll,--,ll,--,ll,--,--,--,lm,lm,lm,--,ll,--,ll,lm,--,--,ll,ll,lm,--,lm,lm,lm,--,--,lm,lm,--,ll,ll,--,ll
*_SCFLD202_71484,<hkxhk>,hh,hh,--,--,--,--,--,--,--,hk,hk,hk,--,hk,--,--,--,--,hk,--,hk,hk,--,--,hk,hh,--,--,hk,--,--,--,--,--,hk,kk,--,hk,--,--,hh,kk,hk,hk,hk,hk,hk,hk,hh,kk,--,hk,hk,hk,hk,--,--,--,kk,hk,hk,hh,hk,--,hh,hk,hk,--,--,--,--,hk,kk,--,--,--,--,--,hk,--,--,hk,--,--,--,--,hk,kk,--,kk
*_SCFLD202_223225,<nnxnp>,--,--,--,--,np,--,np,nn,--,nn,nn,nn,--,--,nn,np,nn,nn,--,--,--,np,np,--,--,np,np,nn,np,nn,nn,--,np,np,nn,nn,np,--,np,nn,np,nn,--,--,--,--,--,np,np,nn,--,nn,np,--,--,np,--,--,nn,np,nn,np,--,--,np,nn,nn,np,--,--,nn,nn,--,--,nn,--,np,--,nn,np,--,np,np,--,--,--,np,--,np,nn
*_SCFLD202_281522,<lmxll>,--,--,lm,--,--,--,--,--,--,ll,--,ll,--,ll,--,ll,lm,lm,--,--,--,lm,--,--,--,ll,--,--,lm,--,--,--,lm,ll,ll,lm,--,ll,ll,--,ll,lm,lm,--,ll,lm,lm,--,ll,lm,lm,--,lm,ll,--,--,--,--,lm,lm,ll,ll,ll,lm,--,--,ll,lm,--,--,ll,ll,--,--,--,--,--,lm,ll,ll,--,--,ll,ll,--,--,lm,lm,--,--
*_SCFLD203_14166,<nnxnp>,--,nn,--,--,np,--,np,--,--,np,--,np,--,nn,nn,nn,--,--,nn,np,np,--,nn,--,np,--,--,np,np,nn,np,--,--,np,nn,np,--,nn,np,--,np,--,--,np,nn,--,np,nn,np,np,nn,nn,--,--,nn,--,--,--,nn,--,nn,nn,nn,np,--,nn,nn,--,np,np,np,np,--,--,--,np,--,--,nn,nn,nn,--,np,nn,np,np,np,nn,nn,--
*_SCFLD203_19619,<nnxnp>,--,np,np,--,--,--,nn,nn,--,nn,--,--,--,np,np,np,--,nn,np,--,--,--,np,--,nn,np,nn,--,nn,nn,nn,--,--,nn,np,--,nn,--,--,--,nn,--,np,--,np,np,nn,--,nn,nn,--,--,nn,np,np,--,--,--,np,--,np,np,--,nn,np,np,--,--,nn,--,nn,nn,np,--,--,nn,nn,nn,--,--,--,--,nn,np,nn,--,nn,np,np,nn
*_SCFLD203_31582,<nnxnp>,--,--,--,--,np,--,np,np,--,np,--,np,--,nn,nn,--,nn,--,--,np,np,np,nn,--,np,nn,np,--,np,--,--,--,--,--,--,np,np,nn,--,--,np,--,nn,--,nn,nn,np,nn,np,np,nn,--,np,nn,nn,--,--,--,--,np,--,nn,nn,np,nn,--,--,np,np,--,np,np,--,--,--,--,--,--,nn,nn,--,--,np,nn,np,--,np,nn,--,--
*_SCFLD203_94195,<lmxll>,--,--,--,--,ll,--,ll,ll,--,ll,ll,ll,--,--,--,ll,lm,ll,--,ll,--,lm,ll,lm,lm,lm,lm,--,lm,--,lm,lm,--,--,ll,--,lm,ll,ll,--,lm,ll,lm,--,--,lm,--,ll,lm,ll,ll,--,--,lm,ll,--,lm,--,lm,ll,ll,--,ll,ll,--,lm,lm,--,ll,--,ll,ll,ll,--,--,lm,--,--,lm,ll,lm,--,ll,--,--,ll,lm,lm,lm,--
*_SCFLD203_364797,<nnxnp>,--,nn,--,--,--,--,np,--,nn,np,nn,np,nn,nn,nn,nn,nn,--,nn,--,np,--,nn,--,np,nn,np,np,np,--,np,--,--,--,nn,np,np,--,np,--,np,np,nn,np,nn,nn,np,--,np,np,nn,nn,np,nn,nn,nn,--,--,nn,--,nn,nn,nn,np,nn,--,nn,np,np,np,np,np,nn,--,--,np,np,nn,--,nn,--,--,np,nn,--,--,np,nn,nn,--
*_SCFLD203_364864,<lmxll>,--,--,--,--,--,--,lm,--,ll,lm,--,lm,lm,ll,--,--,ll,--,ll,--,lm,--,lm,--,ll,ll,ll,ll,ll,--,ll,--,--,--,lm,--,ll,--,--,--,--,lm,ll,ll,lm,ll,lm,--,ll,lm,lm,lm,ll,--,lm,--,--,--,ll,--,--,lm,lm,lm,lm,--,ll,--,--,--,lm,lm,lm,--,--,ll,ll,lm,--,--,--,--,--,--,--,--,ll,ll,ll,--
*_SCFLD203_366663,<hkxhk>,--,--,--,--,--,--,kk,kk,--,kk,hk,kk,--,hh,--,hk,hh,--,hh,kk,kk,hk,hk,--,--,hh,--,hk,hk,hk,--,--,--,hk,--,hk,hk,hk,--,--,--,--,hh,--,hk,hh,kk,hk,hk,kk,hk,hk,hk,hh,hk,--,--,--,hh,--,--,hk,hk,kk,--,hh,hh,hk,kk,--,kk,kk,--,--,--,--,hk,--,hh,--,hh,--,--,hk,kk,--,hk,--,hh,hk
*_SCFLD203_379867,<nnxnp>,--,--,--,--,--,--,nn,--,np,--,--,--,--,np,--,np,--,nn,np,nn,nn,nn,--,--,nn,np,--,nn,nn,--,--,--,np,nn,np,nn,nn,np,--,nn,nn,nn,--,--,np,np,nn,np,nn,nn,np,np,--,--,np,np,--,--,np,nn,--,--,np,nn,np,np,--,--,--,--,--,nn,np,--,nn,--,nn,np,--,np,np,--,nn,np,nn,nn,nn,--,--,--
*_SCFLD203_410384,<lmxll>,--,--,lm,--,--,--,--,lm,--,lm,--,lm,--,--,--,lm,ll,lm,--,lm,lm,--,lm,--,--,--,ll,--,ll,--,--,--,ll,--,lm,ll,ll,lm,--,--,ll,--,--,--,--,ll,lm,--,ll,lm,lm,--,ll,ll,--,--,--,--,ll,lm,lm,lm,lm,--,--,ll,ll,ll,--,--,--,lm,lm,--,--,--,ll,--,--,--,--,--,lm,--,--,lm,ll,ll,--,--
*_SCFLD204_69341,<lmxll>,--,ll,--,--,lm,--,--,--,--,ll,ll,--,--,ll,ll,--,--,lm,ll,lm,ll,ll,ll,--,lm,ll,ll,lm,--,--,lm,--,--,ll,lm,--,--,--,--,--,--,lm,lm,lm,lm,lm,--,--,lm,ll,lm,lm,ll,--,lm,ll,--,--,lm,--,lm,ll,ll,lm,ll,ll,ll,lm,--,--,lm,lm,--,--,ll,lm,ll,--,ll,--,lm,--,--,--,lm,ll,lm,--,lm,--
*_SCFLD204_105465,<hkxhk>,--,--,hk,--,hh,--,kk,hh,--,--,--,--,hk,kk,--,hh,--,hh,kk,--,hk,kk,hk,--,--,hk,kk,--,hk,kk,--,--,--,--,--,--,--,--,--,--,--,hh,--,--,--,hk,hk,kk,hh,kk,hk,hh,hk,--,--,kk,--,--,--,--,hh,kk,kk,hk,hk,hk,kk,--,--,--,hh,hh,--,--,--,--,--,hh,hk,hk,hk,--,kk,hk,hk,hk,--,--,--,hk
*_SCFLD204_105502,<lmxll>,lm,--,lm,--,--,--,ll,--,--,ll,--,--,lm,ll,--,lm,--,lm,ll,--,ll,ll,ll,--,lm,ll,ll,--,ll,ll,lm,--,--,--,lm,--,--,ll,--,--,--,lm,--,--,--,lm,ll,ll,lm,ll,lm,lm,ll,lm,lm,ll,--,--,lm,--,lm,ll,ll,lm,ll,ll,ll,--,--,lm,lm,lm,lm,--,--,--,ll,lm,ll,ll,lm,--,ll,lm,lm,ll,lm,--,--,lm
*_SCFLD205_36416,<lmxll>,--,--,--,--,lm,--,lm,--,--,--,--,--,--,ll,lm,ll,ll,--,lm,--,lm,--,--,--,--,--,--,lm,lm,ll,--,--,--,lm,lm,--,ll,ll,--,--,ll,--,ll,lm,--,lm,lm,lm,ll,ll,ll,lm,--,--,--,lm,--,--,ll,--,lm,ll,ll,--,lm,--,--,--,--,lm,lm,ll,--,--,--,--,--,lm,--,lm,--,--,ll,ll,ll,--,ll,--,lm,ll
*_SCFLD205_229399,<nnxnp>,--,np,np,--,nn,--,nn,--,--,--,--,--,nn,--,--,--,--,np,--,nn,nn,--,--,--,--,np,--,--,np,nn,np,nn,nn,--,np,np,np,nn,--,--,np,--,np,nn,--,nn,nn,--,nn,nn,np,nn,np,--,nn,nn,--,np,--,--,--,--,--,--,nn,np,np,nn,--,--,--,--,--,--,--,--,nn,np,nn,--,np,--,--,nn,np,--,nn,--,nn,--
*_SCFLD205_254666,<nnxnp>,nn,--,np,--,nn,--,nn,--,np,nn,--,--,--,np,np,--,nn,--,nn,nn,--,nn,--,--,np,--,--,np,--,--,np,nn,nn,--,np,np,np,nn,--,--,np,np,np,--,--,nn,--,nn,nn,nn,np,nn,np,nn,nn,nn,np,np,nn,--,--,--,nn,np,nn,np,np,nn,--,--,np,nn,--,--,--,np,nn,--,nn,nn,np,--,--,--,np,--,--,--,nn,--
*_SCFLD205_376750,<hkxhk>,--,kk,hk,--,hh,--,--,hh,--,--,hh,hh,--,--,hk,hk,hk,hk,hh,hh,--,--,--,--,--,kk,kk,hk,--,--,--,--,hh,--,hk,--,kk,--,--,--,kk,hk,kk,hh,--,hh,hh,hh,--,hk,kk,hh,hk,hh,--,hh,--,--,hk,--,hh,kk,kk,kk,hh,--,hk,--,hk,--,hk,hk,hk,--,--,hk,hk,--,hk,hh,kk,--,hk,--,--,--,hk,--,--,hk
*_SCFLD205_376813,<lmxll>,--,--,lm,--,--,--,lm,lm,--,--,--,--,--,ll,--,--,ll,--,lm,lm,lm,lm,lm,--,--,ll,ll,lm,lm,ll,--,ll,--,--,lm,ll,ll,--,--,--,ll,--,ll,--,ll,lm,lm,lm,ll,ll,ll,lm,--,lm,--,lm,--,--,ll,--,--,ll,ll,ll,--,lm,lm,ll,lm,lm,--,ll,lm,--,--,lm,ll,--,ll,lm,ll,--,--,--,ll,--,ll,ll,--,--
*_SCFLD205_387469,<hkxhk>,--,kk,--,--,hh,--,hh,--,hk,hk,--,hh,--,kk,hk,--,--,hk,hh,hh,--,hh,--,--,kk,kk,kk,hk,--,--,hk,--,--,--,hk,kk,kk,hk,--,--,kk,--,--,hh,kk,hh,hh,--,--,hk,kk,hh,hk,hh,--,--,--,kk,--,hk,--,--,hk,kk,hh,hk,hk,hk,hh,hk,--,hk,--,--,--,hk,hk,--,hk,--,--,--,--,hk,kk,hk,hk,--,hh,--
*_SCFLD205_387541,<lmxll>,--,--,ll,--,ll,--,--,ll,--,lm,--,--,--,lm,--,lm,lm,--,ll,ll,--,ll,ll,--,lm,lm,lm,ll,ll,--,--,--,--,--,ll,--,--,--,--,--,lm,--,lm,--,--,--,ll,--,lm,lm,lm,ll,ll,--,lm,ll,--,lm,lm,lm,ll,lm,--,--,ll,--,--,lm,--,--,--,lm,ll,--,--,ll,--,ll,lm,--,--,--,lm,lm,--,--,lm,--,ll,--
*_SCFLD205_419852,<hkxhk>,hk,--,hk,--,hh,--,hh,--,hk,hk,hh,hh,--,kk,--,--,hk,hk,hh,--,--,hh,--,--,kk,kk,--,hk,hk,--,hk,--,--,--,hk,--,kk,hk,--,kk,kk,hk,--,hh,kk,hh,hh,--,hk,hk,kk,hh,hk,hh,hk,hh,--,kk,hk,hk,--,--,hk,--,hh,hk,--,hk,hk,hk,--,hk,--,--,kk,hk,hk,--,hk,--,kk,--,hk,hk,kk,--,hk,--,hh,hk
*_SCFLD205_430920,<lmxll>,ll,--,lm,--,lm,lm,lm,lm,--,ll,lm,lm,--,ll,lm,--,ll,lm,lm,lm,lm,lm,lm,--,--,ll,ll,lm,lm,--,lm,--,--,lm,lm,ll,ll,--,--,--,ll,lm,lm,lm,--,lm,--,lm,ll,ll,ll,lm,lm,lm,--,--,--,--,--,ll,lm,ll,ll,ll,lm,lm,lm,ll,lm,--,lm,ll,--,--,--,lm,ll,--,ll,--,ll,--,ll,--,--,lm,ll,ll,lm,ll
*_SCFLD206_460934,<lmxll>,lm,--,lm,--,lm,lm,--,--,--,lm,--,--,--,lm,lm,lm,ll,lm,--,ll,--,--,--,--,lm,lm,ll,--,lm,ll,--,--,--,--,--,lm,ll,--,--,--,ll,--,--,--,ll,ll,ll,--,lm,ll,--,--,lm,ll,lm,ll,ll,--,lm,--,lm,ll,lm,--,ll,lm,lm,ll,lm,--,--,ll,lm,--,--,--,--,lm,lm,--,lm,--,--,lm,lm,--,lm,--,--,--
*_SCFLD206_486848,<nnxnp>,--,np,np,--,np,--,--,--,--,np,nn,np,--,np,--,np,np,np,--,--,--,nn,--,--,np,nn,np,nn,--,nn,np,np,nn,--,--,nn,np,--,--,--,nn,nn,--,np,nn,np,np,--,--,nn,np,np,nn,np,np,--,np,np,nn,--,nn,nn,np,nn,nn,--,np,nn,nn,--,--,--,nn,--,--,np,np,np,--,nn,--,nn,np,np,nn,np,--,np,np,--
*_SCFLD207_53381,<hkxhk>,hk,hk,kk,--,kk,--,--,--,--,--,--,hk,kk,kk,--,--,kk,hh,hk,--,--,hk,--,--,hh,hh,hh,--,--,hk,--,--,--,--,kk,--,hk,--,--,--,hh,--,hk,--,--,hk,--,hk,hk,hk,kk,hk,kk,--,--,--,hk,--,kk,hk,kk,hk,kk,--,hk,--,--,hh,kk,--,--,--,--,--,--,hk,--,hk,kk,--,kk,--,hh,--,--,--,hk,hk,hk,hk
*_SCFLD207_109113,<lmxll>,--,--,--,--,--,--,lm,--,--,--,--,ll,ll,--,--,--,ll,--,--,lm,--,ll,lm,--,lm,lm,lm,--,--,--,lm,--,lm,--,ll,--,lm,--,--,lm,lm,--,lm,--,--,lm,lm,--,ll,lm,--,ll,ll,lm,ll,--,--,--,ll,--,ll,ll,ll,lm,ll,--,lm,lm,--,lm,ll,ll,--,--,--,--,lm,--,--,--,ll,--,lm,--,ll,--,lm,--,lm,--
*_SCFLD207_185717,<nnxnp>,--,--,np,--,np,--,--,np,--,--,--,nn,--,np,--,nn,np,nn,--,--,--,nn,np,--,nn,nn,--,np,--,--,nn,--,--,np,np,np,--,np,--,--,nn,np,np,--,np,np,nn,nn,--,np,--,nn,np,np,np,np,--,np,--,nn,--,nn,--,np,nn,nn,np,--,np,--,nn,nn,--,--,--,--,np,--,--,--,--,--,nn,--,--,--,--,nn,np,--
*_SCFLD208_104580,<lmxll>,--,lm,ll,--,--,--,ll,--,--,--,--,--,ll,--,--,--,ll,ll,--,--,ll,lm,--,--,ll,ll,lm,--,lm,ll,lm,--,lm,lm,lm,--,ll,--,--,--,ll,--,--,--,lm,ll,ll,lm,--,ll,--,lm,lm,ll,--,--,ll,--,ll,--,--,--,lm,lm,--,lm,ll,ll,--,--,lm,lm,--,--,--,ll,--,--,lm,--,--,--,--,ll,lm,--,ll,--,ll,--
*_SCFLD208_181395,<hkxhk>,--,--,--,--,--,kk,kk,hk,--,--,hk,hk,kk,hh,hh,kk,--,kk,hh,--,hk,hk,hh,--,kk,kk,--,hk,--,hk,hh,--,hh,hk,hh,hh,hk,--,--,hk,hk,hk,hh,hh,--,kk,--,--,hk,hk,--,--,--,--,hh,--,kk,--,hk,hk,hh,--,--,--,--,hk,hk,kk,hk,hh,hk,hh,--,--,hh,kk,hh,hk,hh,--,hk,--,hh,--,hh,--,hk,hh,kk,--
*_SCFLD208_181553,<lmxll>,lm,ll,--,--,ll,--,lm,--,lm,ll,--,ll,--,ll,--,--,lm,--,--,--,--,--,ll,--,lm,lm,--,ll,--,--,ll,lm,ll,--,ll,--,lm,lm,--,--,lm,lm,--,ll,ll,lm,lm,ll,lm,lm,--,ll,ll,lm,--,lm,--,--,lm,ll,--,--,ll,ll,--,ll,--,lm,ll,--,--,ll,--,--,--,--,ll,--,--,--,--,--,ll,lm,--,ll,--,--,--,lm
*_SCFLD208_269449,<nnxnp>,--,--,nn,--,nn,np,--,--,np,--,nn,np,--,nn,nn,np,np,np,nn,--,nn,np,nn,--,np,np,np,np,np,nn,nn,nn,nn,--,nn,nn,nn,nn,--,--,nn,nn,nn,--,--,np,np,nn,nn,nn,nn,np,np,nn,--,nn,--,--,nn,np,--,nn,--,nn,--,np,nn,--,np,--,np,nn,np,--,nn,--,nn,--,nn,--,nn,--,nn,--,--,--,nn,--,np,np
*_SCFLD208_339871,<nnxnp>,nn,np,--,--,--,--,np,nn,np,np,--,--,--,nn,nn,np,--,np,nn,np,nn,--,nn,--,--,np,--,--,np,--,nn,--,nn,--,nn,--,--,nn,np,--,nn,--,nn,nn,--,np,--,nn,nn,nn,nn,np,--,--,nn,--,--,--,nn,np,nn,nn,--,nn,nn,np,nn,np,np,nn,np,nn,--,--,--,np,nn,np,nn,nn,nn,--,--,--,--,--,nn,nn,np,--
*_SCFLD208_352965,<lmxll>,--,--,--,--,ll,--,--,--,lm,ll,lm,--,--,--,ll,lm,--,lm,--,--,--,--,ll,--,--,lm,--,--,ll,--,ll,--,ll,ll,--,ll,--,lm,--,--,lm,--,ll,ll,--,lm,lm,--,lm,lm,lm,ll,ll,lm,ll,lm,--,--,lm,ll,ll,lm,ll,ll,--,ll,lm,--,ll,--,ll,ll,--,--,--,lm,--,ll,ll,--,--,--,ll,lm,ll,--,lm,ll,--,--
*_SCFLD209_84217,<lmxll>,--,--,lm,--,ll,ll,ll,--,--,--,ll,ll,ll,lm,--,ll,--,ll,lm,--,--,lm,--,--,ll,lm,lm,lm,ll,--,--,--,lm,--,lm,--,--,--,--,--,--,ll,lm,--,lm,ll,ll,--,ll,ll,ll,--,lm,ll,--,ll,--,ll,--,lm,--,ll,--,ll,lm,--,lm,--,--,--,--,lm,--,--,--,ll,ll,--,lm,--,ll,--,lm,ll,ll,--,ll,--,lm,--
*_SCFLD209_115947,<nnxnp>,--,np,--,--,--,--,np,nn,--,np,nn,--,--,nn,--,np,nn,np,--,np,nn,np,--,--,np,np,np,np,--,--,nn,--,--,--,nn,--,--,nn,--,--,--,nn,nn,nn,--,np,np,--,--,nn,--,np,np,nn,nn,nn,--,nn,--,nn,nn,nn,--,nn,np,np,--,np,np,--,np,np,np,--,--,np,nn,--,--,np,--,--,np,np,np,--,nn,--,--,np
*_SCFLD209_227435,<lmxll>,--,lm,lm,--,--,--,--,--,--,lm,--,ll,--,lm,lm,ll,--,ll,lm,lm,--,lm,lm,--,ll,--,lm,--,ll,ll,--,ll,--,lm,lm,lm,ll,ll,--,lm,--,--,lm,ll,--,ll,ll,lm,ll,ll,ll,--,lm,ll,lm,ll,--,--,ll,lm,--,--,--,ll,lm,lm,lm,--,lm,lm,ll,lm,ll,lm,--,--,--,--,lm,--,--,--,--,--,--,--,ll,lm,lm,--
*_SCFLD209_282000,<nnxnp>,--,--,nn,--,--,--,np,nn,--,np,--,np,--,nn,--,np,--,np,--,np,nn,np,--,--,np,--,np,--,np,--,nn,--,--,np,nn,nn,--,--,--,--,nn,--,nn,--,nn,np,np,nn,nn,nn,nn,np,np,nn,nn,--,--,--,nn,--,nn,nn,nn,nn,--,np,nn,np,np,--,np,np,--,--,--,--,--,np,nn,--,np,--,np,np,--,--,nn,--,np,--
*_SCFLD209_292362,<nnxnp>,--,np,nn,--,np,np,--,--,--,np,nn,np,--,nn,--,--,--,--,nn,np,--,--,nn,--,np,np,--,--,--,--,nn,--,--,--,nn,nn,--,nn,--,--,--,nn,--,nn,nn,np,np,nn,nn,nn,--,--,np,nn,--,nn,--,nn,nn,np,nn,nn,nn,nn,--,np,nn,--,np,nn,np,np,np,--,--,--,--,np,nn,np,nn,--,np,--,np,--,nn,nn,np,np
*_SCFLD209_322030,<lmxll>,--,--,ll,--,--,lm,lm,--,--,ll,lm,lm,--,ll,ll,--,lm,--,ll,--,--,ll,ll,--,lm,ll,--,ll,lm,lm,--,--,--,--,ll,--,lm,--,--,--,ll,--,--,--,--,lm,lm,ll,--,lm,lm,ll,--,lm,ll,lm,--,--,lm,ll,--,lm,ll,--,ll,--,ll,lm,--,ll,--,ll,--,--,--,lm,--,ll,ll,--,lm,--,ll,lm,--,--,lm,--,ll,lm
*_SCFLD209_333869,<lmxll>,--,--,--,--,--,ll,ll,--,--,lm,ll,ll,--,lm,--,ll,--,ll,lm,--,--,lm,lm,--,ll,lm,lm,--,ll,--,ll,--,--,--,--,lm,ll,--,--,--,--,ll,--,ll,--,ll,ll,lm,--,ll,ll,--,lm,--,--,ll,lm,--,ll,lm,--,ll,lm,ll,--,lm,--,ll,lm,--,--,lm,--,--,--,--,--,--,lm,lm,ll,--,--,--,--,--,--,--,lm,--
*_SCFLD209_384829,<hkxhk>,--,hk,--,--,hh,hh,hh,kk,--,hk,hk,hh,--,kk,--,hh,hk,hh,--,hk,kk,hk,kk,--,hh,hk,hk,hk,hk,hk,hk,hk,--,hk,kk,kk,hk,hk,hk,--,kk,hk,kk,hk,kk,hh,hh,kk,hk,hk,hk,hk,hk,hk,kk,hk,hk,hk,hk,hk,kk,hk,--,hk,hk,hk,kk,hk,hk,--,hh,hk,hh,kk,--,--,hk,--,--,hk,hk,--,hk,hh,hh,hk,hk,--,hk,hh
*_SCFLD210_37169,<lmxll>,--,ll,--,--,ll,--,--,--,--,--,lm,ll,--,lm,--,lm,ll,lm,lm,ll,ll,lm,lm,--,lm,ll,--,lm,--,--,lm,--,--,--,ll,ll,lm,ll,--,--,lm,lm,lm,ll,--,--,lm,ll,lm,lm,--,--,lm,--,ll,ll,--,--,ll,--,lm,lm,--,lm,--,ll,--,ll,--,ll,--,ll,--,ll,--,--,ll,--,--,lm,--,--,ll,--,--,--,lm,ll,ll,ll
*_SCFLD211_23477,<lmxll>,--,--,ll,--,ll,--,--,ll,lm,--,lm,--,--,lm,lm,ll,--,lm,ll,--,lm,--,--,--,--,--,lm,ll,ll,lm,--,--,lm,ll,ll,ll,--,ll,--,--,lm,--,lm,--,--,lm,--,lm,lm,lm,ll,ll,ll,lm,--,lm,ll,--,ll,ll,--,ll,lm,ll,ll,lm,ll,lm,ll,lm,ll,ll,--,--,--,--,ll,ll,lm,--,lm,--,--,ll,--,ll,--,--,--,lm
*_SCFLD211_39689,<lmxll>,--,--,--,--,--,lm,--,--,lm,lm,--,--,--,lm,lm,--,lm,--,ll,--,lm,ll,--,--,lm,ll,--,ll,ll,ll,--,--,--,--,ll,--,lm,--,--,--,--,ll,--,lm,lm,lm,lm,lm,--,lm,ll,ll,--,--,--,--,--,--,lm,--,--,ll,lm,ll,ll,lm,--,lm,--,lm,ll,ll,lm,--,--,lm,ll,ll,lm,--,lm,--,ll,lm,ll,ll,ll,--,--,lm
*_SCFLD211_135717,<lmxll>,--,lm,lm,--,lm,--,lm,lm,ll,ll,ll,--,--,ll,--,lm,ll,ll,lm,--,ll,lm,ll,ll,ll,lm,--,lm,lm,ll,lm,--,ll,lm,lm,lm,ll,--,--,ll,ll,--,ll,ll,ll,ll,ll,ll,ll,ll,lm,--,lm,ll,ll,--,--,--,ll,lm,ll,--,ll,lm,lm,--,lm,--,lm,--,lm,lm,ll,--,--,--,lm,lm,--,--,ll,--,lm,ll,lm,--,lm,--,lm,ll
*_SCFLD211_350054,<hkxhk>,--,--,--,--,hh,--,--,--,--,kk,hk,--,hh,--,--,hk,kk,kk,--,hk,hk,hk,kk,--,--,--,kk,--,hh,--,hk,--,kk,hk,hk,hk,--,hh,--,--,hk,--,--,hk,hk,hk,hk,kk,kk,hk,hh,hk,hk,hk,--,--,--,kk,hk,--,--,hh,kk,--,hh,--,--,hk,hh,--,hk,hk,hk,--,--,kk,--,hk,--,--,--,--,hh,kk,hh,--,--,--,hh,--
*_SCFLD212_267556,<nnxnp>,--,--,nn,--,np,--,nn,nn,nn,nn,--,np,--,nn,--,nn,nn,--,np,np,--,np,--,--,--,nn,--,--,nn,nn,--,--,--,np,nn,np,nn,--,--,--,nn,np,nn,nn,--,--,--,--,nn,nn,--,--,np,nn,nn,np,--,--,np,nn,--,np,--,--,nn,np,--,nn,--,nn,np,nn,np,np,--,np,--,--,--,--,--,--,np,np,--,--,np,np,np,--
*_SCFLD213_282177,<lmxll>,--,--,--,--,--,ll,lm,--,--,lm,--,lm,--,ll,lm,--,ll,lm,ll,lm,lm,--,lm,--,ll,--,ll,ll,ll,lm,ll,--,ll,ll,lm,--,ll,--,--,--,ll,--,--,ll,--,ll,lm,lm,ll,lm,ll,lm,--,ll,lm,--,ll,--,--,--,lm,--,--,--,--,--,--,ll,--,--,--,lm,lm,--,--,ll,ll,lm,--,--,ll,ll,lm,lm,--,lm,ll,--,ll,--
*_SCFLD214_115754,<nnxnp>,--,--,np,--,--,--,--,--,nn,nn,np,nn,--,np,nn,nn,nn,--,nn,nn,nn,np,--,--,nn,np,nn,np,nn,np,--,--,nn,--,nn,np,nn,nn,--,np,np,np,nn,nn,nn,nn,nn,--,np,np,nn,nn,np,nn,nn,nn,nn,nn,np,nn,np,np,nn,--,np,np,--,np,np,--,nn,np,np,--,--,--,nn,nn,nn,np,nn,--,nn,nn,np,--,nn,--,nn,nn
*_SCFLD214_191484,<nnxnp>,--,nn,np,--,nn,np,--,np,nn,nn,np,nn,--,np,nn,nn,nn,nn,nn,nn,nn,np,--,--,nn,np,np,np,nn,np,nn,--,--,np,--,np,nn,nn,--,--,--,--,nn,nn,nn,nn,--,--,--,np,nn,--,np,nn,nn,nn,nn,--,np,nn,np,np,--,np,np,np,np,--,np,--,nn,np,np,--,nn,nn,--,nn,nn,np,--,--,nn,nn,np,--,nn,--,nn,nn
*_SCFLD214_433723,<lmxll>,--,--,--,--,ll,--,lm,ll,--,ll,--,lm,ll,ll,ll,--,lm,--,--,lm,ll,lm,lm,--,ll,ll,lm,lm,ll,--,lm,--,--,--,lm,ll,--,--,--,ll,lm,--,ll,lm,--,lm,lm,ll,--,lm,lm,lm,ll,lm,ll,--,--,--,ll,ll,ll,lm,--,--,lm,ll,ll,lm,ll,ll,ll,lm,--,--,--,--,ll,--,ll,--,--,--,lm,ll,ll,--,ll,ll,lm,lm
*_SCFLD217_22620,<lmxll>,--,lm,lm,--,ll,--,ll,--,--,--,--,ll,--,lm,lm,--,ll,ll,ll,ll,ll,ll,lm,--,ll,lm,--,--,lm,ll,lm,--,ll,--,--,ll,ll,lm,--,--,lm,ll,--,--,--,ll,lm,--,lm,ll,--,lm,lm,--,--,--,--,lm,ll,ll,ll,lm,--,lm,ll,lm,ll,ll,ll,ll,ll,lm,ll,--,--,--,lm,--,lm,ll,ll,ll,ll,--,ll,lm,ll,--,lm,--
*_SCFLD217_47860,<lmxll>,lm,--,--,--,--,--,ll,--,--,lm,--,--,--,lm,--,--,--,ll,ll,--,--,--,--,--,ll,lm,--,ll,lm,--,--,--,ll,lm,ll,ll,ll,--,--,--,lm,--,lm,lm,--,ll,lm,ll,--,ll,--,--,--,lm,--,--,--,--,ll,--,ll,ll,--,lm,ll,lm,ll,--,ll,--,ll,lm,ll,--,--,ll,--,ll,--,--,ll,--,ll,--,ll,--,ll,--,--,--
*_SCFLD217_76609,<lmxll>,--,--,--,--,--,--,ll,ll,--,--,--,--,--,lm,--,ll,--,--,--,--,--,ll,--,--,ll,lm,ll,--,lm,ll,--,--,--,--,ll,ll,--,--,--,--,lm,ll,lm,--,ll,ll,lm,--,lm,ll,ll,--,--,lm,lm,--,--,lm,ll,ll,--,ll,--,lm,--,--,--,ll,ll,--,ll,lm,ll,--,--,ll,--,--,--,--,ll,--,ll,lm,--,--,ll,ll,lm,--
*_SCFLD217_319115,<lmxll>,--,ll,ll,--,lm,--,lm,--,--,ll,--,lm,--,ll,--,lm,lm,--,--,--,--,lm,ll,--,lm,--,--,lm,ll,lm,ll,--,--,ll,lm,--,lm,ll,--,ll,--,--,--,--,lm,lm,--,lm,--,lm,lm,ll,ll,ll,--,lm,--,lm,--,lm,--,lm,ll,ll,lm,ll,--,lm,--,--,lm,ll,lm,--,--,--,ll,--,ll,--,lm,--,lm,ll,--,ll,--,--,--,lm
*_SCFLD218_151929,<hkxhk>,hh,kk,--,--,--,--,--,--,--,kk,--,kk,--,hk,hk,--,hk,--,hk,--,--,kk,--,--,--,--,kk,--,kk,--,--,--,kk,kk,--,hh,--,--,hk,--,hh,--,hh,hk,hk,kk,hk,hk,hh,hh,hh,hh,hk,--,hk,--,--,kk,hk,hk,--,--,--,hk,--,--,hh,hk,hk,--,hk,hh,hk,--,--,kk,hk,kk,--,hh,--,--,hh,--,kk,--,kk,--,--,--
*_SCFLD218_170322,<hkxhk>,--,hh,kk,--,hk,--,--,hk,--,--,hk,hh,--,hk,hk,kk,--,hk,hk,hh,--,hh,hk,--,kk,hk,hh,hh,hh,kk,--,--,--,hh,hh,kk,kk,kk,--,kk,kk,--,kk,hk,hk,hh,--,hk,kk,--,kk,kk,hk,kk,hk,kk,--,hh,hk,hk,hk,kk,hk,hk,kk,--,kk,hk,hk,kk,hk,kk,hk,--,--,--,hk,hh,kk,--,hk,--,kk,hk,hh,--,hh,hk,hk,hk
*_SCFLD218_335633,<lmxll>,--,--,--,--,ll,ll,lm,lm,--,ll,--,ll,--,--,--,lm,--,ll,ll,--,lm,--,ll,--,lm,--,--,ll,ll,--,--,--,--,--,ll,lm,lm,--,--,--,lm,lm,lm,--,--,ll,lm,--,lm,lm,lm,--,--,lm,ll,--,--,--,ll,lm,ll,lm,ll,--,lm,ll,lm,ll,lm,lm,--,lm,lm,--,--,ll,ll,ll,--,--,ll,--,lm,lm,ll,ll,ll,ll,--,--
*_SCFLD219_42702,<nnxnp>,--,--,np,--,np,--,--,--,--,nn,nn,--,--,nn,--,nn,--,--,nn,--,nn,--,nn,--,--,np,--,np,--,--,--,np,--,--,np,np,--,nn,--,--,nn,np,--,--,np,--,--,--,nn,np,nn,--,--,np,nn,nn,--,np,nn,nn,nn,nn,--,np,--,--,nn,--,--,--,nn,np,np,--,--,np,--,np,--,--,np,np,nn,--,np,--,--,--,--,nn
*_SCFLD219_54139,<nnxnp>,--,--,--,--,np,--,--,np,np,nn,--,nn,--,nn,np,nn,nn,--,--,--,--,np,--,--,nn,np,np,--,nn,nn,--,--,--,--,np,--,nn,--,--,--,nn,np,np,np,np,np,--,np,nn,np,nn,--,--,np,nn,nn,--,--,nn,nn,--,--,np,--,nn,np,nn,np,nn,--,nn,np,np,np,--,np,nn,--,np,--,--,--,--,--,np,--,np,--,nn,nn
*_SCFLD219_74961,<nnxnp>,np,--,np,--,np,--,--,--,--,nn,--,nn,--,nn,--,nn,nn,np,nn,nn,nn,np,nn,--,--,np,--,--,--,nn,--,--,--,--,np,--,nn,nn,--,--,nn,np,--,--,np,np,np,--,nn,np,--,nn,--,--,--,--,nn,--,nn,--,nn,--,--,np,--,np,nn,np,--,np,--,np,np,--,np,--,nn,--,np,nn,np,--,--,--,np,np,np,--,nn,--
*_SCFLD219_102476,<nnxnp>,np,--,np,--,--,--,--,np,--,nn,--,nn,--,nn,np,--,nn,np,nn,--,nn,--,--,--,nn,np,np,np,--,nn,--,np,np,nn,--,--,nn,nn,nn,--,nn,--,--,np,--,np,np,np,nn,np,--,nn,--,np,--,--,--,--,nn,--,--,--,--,np,nn,np,nn,np,nn,np,--,np,np,np,--,np,nn,np,--,--,--,--,--,--,np,--,--,--,nn,nn
*_SCFLD219_123080,<nnxnp>,--,--,np,--,np,--,nn,np,np,nn,--,nn,--,--,np,--,nn,np,--,nn,nn,--,--,--,--,np,--,--,nn,--,--,--,--,--,--,np,--,nn,--,--,nn,np,--,np,np,np,np,--,nn,np,nn,nn,np,np,nn,--,--,--,nn,nn,nn,nn,np,--,nn,--,--,np,nn,--,--,np,np,--,np,np,nn,--,--,--,np,--,nn,--,np,--,--,--,nn,nn
*_SCFLD219_134045,<nnxnp>,nn,np,--,--,--,--,np,nn,--,np,--,np,--,np,--,np,np,nn,--,--,np,nn,--,--,--,nn,--,--,np,--,nn,--,--,--,nn,nn,np,--,--,--,np,nn,--,--,nn,nn,--,--,--,nn,--,np,--,nn,--,np,--,nn,np,--,--,np,--,--,np,nn,np,--,--,--,--,nn,nn,--,--,--,--,nn,nn,np,nn,--,np,nn,nn,--,nn,--,--,--
*_SCFLD219_162931,<nnxnp>,--,nn,--,--,--,--,nn,np,--,nn,nn,nn,--,nn,--,nn,nn,np,nn,--,nn,np,nn,--,nn,np,np,np,--,nn,--,np,--,nn,np,np,nn,--,--,--,nn,np,--,np,np,np,np,np,nn,np,--,nn,np,--,nn,nn,nn,--,nn,nn,nn,--,np,--,nn,np,--,np,--,np,nn,np,np,--,--,np,nn,--,np,--,--,--,nn,np,--,np,np,np,nn,nn
*_SCFLD219_181283,<nnxnp>,np,nn,--,--,np,--,nn,--,--,--,--,nn,--,nn,--,--,--,np,nn,nn,nn,np,nn,--,nn,np,--,--,nn,nn,np,--,np,nn,np,np,nn,--,--,--,nn,np,--,--,--,np,--,--,--,np,nn,--,np,--,nn,--,--,np,--,nn,--,nn,np,np,nn,--,--,--,--,--,nn,np,np,--,--,--,--,--,--,nn,--,--,--,--,--,--,np,--,--,--
*_SCFLD219_199186,<nnxnp>,--,nn,--,--,--,--,nn,np,--,nn,nn,nn,--,nn,np,nn,nn,np,--,nn,nn,np,nn,--,nn,np,np,np,nn,--,np,--,--,--,--,np,nn,nn,--,--,nn,np,np,np,np,np,np,np,nn,np,nn,nn,np,np,--,--,--,--,nn,nn,nn,--,np,--,nn,--,--,--,nn,np,nn,np,--,np,--,np,--,--,np,--,np,--,nn,np,--,np,np,--,--,nn
*_SCFLD219_348086,<hkxhk>,hk,--,--,--,kk,--,hh,--,--,--,--,--,--,hk,--,hh,--,--,--,hh,hh,hk,hh,--,hh,--,--,kk,hh,--,--,--,kk,--,kk,hk,hh,hh,--,--,hk,kk,--,hk,--,hk,hk,--,--,hk,hk,--,--,kk,hk,hh,--,kk,--,--,--,--,--,--,hh,kk,--,--,hk,hk,hk,hk,kk,--,--,hk,--,hk,hk,hh,kk,--,hh,kk,hk,--,--,--,hh,--
*_SCFLD219_348118,<nnxnp>,np,--,np,--,np,--,nn,--,--,nn,--,--,--,nn,--,nn,nn,np,nn,nn,nn,np,nn,--,nn,np,np,np,nn,--,np,--,--,--,np,np,nn,nn,nn,--,nn,np,--,np,--,np,np,--,nn,np,nn,--,--,np,nn,nn,--,np,nn,nn,nn,--,np,--,nn,np,--,--,nn,np,nn,np,np,--,--,np,--,np,np,nn,np,--,nn,np,np,--,np,--,nn,--
*_SCFLD219_348121,<lmxll>,ll,--,lm,--,lm,--,ll,--,--,lm,--,--,--,lm,--,ll,lm,lm,lm,ll,ll,ll,ll,--,ll,lm,lm,lm,ll,--,lm,--,--,--,lm,ll,ll,ll,lm,--,lm,lm,--,ll,--,ll,ll,--,lm,ll,lm,--,--,lm,lm,ll,--,lm,ll,ll,lm,--,lm,--,ll,lm,--,--,lm,ll,lm,ll,lm,--,--,ll,--,ll,ll,ll,lm,--,ll,lm,ll,--,lm,--,ll,--
*_SCFLD219_410415,<lmxll>,--,--,ll,--,ll,--,lm,--,lm,--,lm,--,--,ll,lm,--,ll,ll,ll,lm,lm,lm,lm,--,lm,ll,--,ll,lm,ll,--,--,ll,ll,lm,lm,lm,lm,--,--,ll,lm,--,--,--,lm,lm,--,ll,lm,ll,ll,lm,ll,ll,lm,--,--,lm,lm,ll,ll,ll,lm,lm,--,--,lm,ll,--,ll,lm,ll,--,--,--,ll,--,lm,--,--,--,lm,ll,lm,--,ll,lm,lm,ll
*_SCFLD221_11512,<lmxll>,--,lm,lm,--,lm,--,--,--,lm,lm,ll,lm,--,lm,--,ll,--,ll,ll,ll,ll,--,lm,--,--,lm,ll,lm,lm,--,--,--,--,--,ll,ll,--,lm,lm,--,--,lm,ll,ll,lm,lm,lm,--,lm,lm,--,--,lm,lm,--,ll,lm,--,--,ll,ll,ll,ll,--,lm,ll,lm,lm,--,--,--,--,lm,--,--,ll,--,--,--,lm,ll,--,ll,ll,ll,ll,lm,--,ll,ll
*_SCFLD221_11535,<hkxhk>,--,kk,kk,--,--,--,--,--,--,hk,hh,hk,--,hk,--,hh,--,hk,hk,--,hh,--,kk,--,--,hk,hk,hk,hk,--,--,--,--,hh,hk,kk,--,kk,hk,kk,--,kk,hh,hk,kk,hk,kk,--,--,kk,--,--,kk,kk,--,hh,hk,--,--,hk,hh,hh,hk,--,kk,hh,kk,kk,--,--,--,--,hk,--,--,hh,--,--,--,kk,hk,--,hh,hh,hk,hk,hk,--,hk,hh
*_SCFLD221_102646,<nnxnp>,--,--,np,--,np,np,np,np,--,nn,--,nn,nn,nn,nn,nn,nn,np,np,np,nn,nn,np,--,np,nn,np,--,nn,np,np,--,--,nn,np,np,np,np,--,np,nn,np,nn,np,np,nn,np,np,np,np,--,nn,np,np,np,nn,--,nn,np,np,nn,--,np,np,np,nn,np,np,nn,np,nn,np,nn,--,np,nn,nn,nn,nn,np,np,--,nn,nn,np,np,nn,nn,np,nn
*_SCFLD221_203373,<lmxll>,--,--,--,--,lm,--,--,lm,--,--,ll,--,--,lm,--,ll,ll,--,--,--,ll,--,--,--,--,lm,ll,--,lm,ll,lm,--,--,--,ll,--,lm,lm,--,--,--,lm,ll,--,--,--,--,--,lm,lm,ll,ll,--,lm,--,ll,--,--,lm,--,--,ll,--,ll,--,ll,--,lm,lm,--,ll,lm,--,--,--,--,ll,lm,ll,lm,--,--,--,ll,ll,--,lm,lm,ll,--
*_SCFLD221_213680,<nnxnp>,--,--,np,--,np,--,np,--,np,nn,--,--,nn,nn,--,--,--,--,np,np,--,nn,np,--,np,nn,np,nn,nn,--,np,--,--,nn,np,--,np,--,--,--,nn,np,nn,np,np,nn,--,--,np,np,nn,nn,--,np,np,nn,nn,nn,np,--,nn,nn,np,--,np,nn,np,np,nn,np,nn,--,--,--,--,nn,--,--,nn,--,--,--,nn,--,--,--,nn,--,np,nn
*_SCFLD221_241496,<hkxhk>,--,--,--,--,kk,hh,hk,--,--,hk,hh,hk,--,hk,hh,hh,hh,hh,hk,hk,hh,hh,--,--,--,--,hk,hk,hk,--,--,kk,--,--,hk,kk,kk,kk,--,--,hk,--,hh,hk,kk,--,kk,--,kk,kk,hh,hh,kk,kk,--,--,--,--,kk,hk,hh,--,--,--,--,--,--,--,hk,--,hh,kk,hk,hh,--,hh,hh,hk,--,--,hk,--,hh,--,--,--,hk,--,--,hh
*_SCFLD221_241519,<nnxnp>,--,--,--,--,nn,nn,nn,--,--,np,np,np,--,np,np,np,np,nn,nn,nn,np,np,--,--,--,--,nn,np,np,nn,nn,--,--,--,nn,nn,nn,nn,--,--,np,--,np,--,nn,--,nn,--,nn,nn,np,--,nn,nn,--,--,--,--,--,nn,np,--,--,--,--,--,--,--,np,--,np,nn,np,np,--,np,np,np,--,--,--,--,np,--,--,--,np,--,--,np
*_SCFLD221_253810,<lmxll>,--,--,--,--,ll,--,lm,ll,--,ll,lm,--,--,ll,--,lm,lm,lm,lm,lm,lm,lm,ll,--,--,ll,--,ll,ll,lm,ll,ll,--,--,lm,ll,--,--,--,ll,ll,--,lm,lm,ll,ll,ll,ll,--,ll,lm,--,ll,ll,--,lm,--,--,--,lm,--,lm,lm,lm,ll,lm,ll,ll,ll,ll,lm,ll,ll,lm,--,lm,lm,ll,lm,ll,lm,--,lm,--,lm,--,ll,--,lm,lm
*_SCFLD221_253853,<nnxnp>,--,--,--,--,--,--,nn,nn,--,--,np,--,--,np,--,np,np,nn,nn,nn,np,np,nn,--,--,np,nn,np,np,nn,nn,--,--,--,nn,--,--,--,--,--,np,--,np,nn,nn,np,nn,nn,--,nn,np,--,--,nn,--,np,--,--,--,nn,--,np,nn,nn,nn,np,nn,nn,np,nn,np,nn,np,np,--,np,--,--,np,nn,nn,--,np,--,nn,--,--,np,nn,np
*_SCFLD221_265078,<hkxhk>,--,kk,--,--,--,--,hk,--,kk,--,hh,hk,--,hk,hh,hh,hh,hk,--,hk,--,hh,kk,--,hk,hk,--,hk,hk,--,kk,--,hh,--,hk,kk,kk,kk,--,kk,hk,--,hh,hk,kk,--,kk,kk,kk,kk,hh,hh,kk,--,--,hh,--,--,--,hk,--,--,hk,hk,kk,hh,--,kk,hk,--,hh,kk,hk,hh,--,hh,hh,hk,--,kk,kk,--,hh,--,hk,hk,hk,--,hk,hh
*_SCFLD221_265130,<lmxll>,--,lm,--,--,lm,--,--,--,lm,--,ll,--,--,lm,--,ll,ll,ll,--,ll,--,ll,lm,--,ll,lm,ll,lm,lm,--,lm,--,--,ll,ll,lm,lm,lm,--,lm,lm,--,ll,ll,lm,--,--,lm,--,lm,ll,ll,lm,lm,--,ll,--,--,--,ll,--,--,ll,ll,--,ll,--,--,lm,--,ll,lm,lm,--,--,ll,ll,lm,--,lm,--,--,ll,--,--,ll,lm,--,ll,ll
*_SCFLD221_275786,<hkxhk>,hk,hk,hh,--,--,hk,hk,--,--,hk,kk,hk,--,hk,kk,kk,kk,hk,hk,hk,kk,kk,--,--,hk,hk,--,hk,hk,hh,hh,--,--,kk,--,hh,hh,hh,--,hh,hk,hh,kk,hk,hh,hk,hh,hh,hh,hh,--,--,hh,--,hk,kk,--,--,--,hk,kk,kk,hk,hk,--,--,hh,hh,--,hh,kk,hh,--,--,--,kk,kk,hk,kk,hh,--,--,kk,kk,--,--,hk,--,hk,--
*_SCFLD221_275805,<lmxll>,--,lm,--,--,--,ll,ll,--,--,lm,ll,lm,--,lm,ll,ll,ll,ll,ll,ll,ll,ll,--,--,ll,--,ll,lm,lm,ll,lm,--,--,ll,--,lm,--,lm,--,lm,lm,lm,ll,ll,lm,lm,lm,lm,lm,lm,--,--,lm,--,ll,ll,--,--,--,ll,ll,ll,ll,ll,--,--,lm,--,--,--,ll,--,--,--,--,ll,ll,lm,--,lm,--,--,ll,ll,--,--,lm,--,ll,--
*_SCFLD221_275904,<nnxnp>,--,--,np,--,np,--,--,np,np,nn,--,nn,--,nn,--,nn,nn,np,np,np,nn,--,np,--,--,nn,--,nn,--,--,np,--,nn,nn,np,--,--,np,--,np,nn,np,nn,--,--,nn,np,np,--,np,--,nn,np,np,--,nn,--,--,np,--,nn,--,--,np,--,nn,--,--,nn,np,nn,np,--,--,--,--,nn,nn,nn,np,np,--,nn,nn,--,--,nn,nn,--,--
*_SCFLD221_326751,<lmxll>,lm,--,lm,--,lm,--,ll,--,--,lm,ll,--,--,lm,ll,ll,ll,--,--,ll,--,ll,lm,--,ll,lm,--,lm,lm,--,lm,lm,ll,--,--,lm,--,--,--,lm,--,lm,ll,ll,--,lm,lm,lm,lm,lm,ll,ll,lm,lm,ll,ll,--,--,lm,--,ll,ll,ll,ll,--,ll,lm,lm,--,--,ll,lm,lm,--,--,ll,ll,lm,ll,--,ll,--,ll,ll,ll,--,lm,--,ll,ll
*_SCFLD221_358466,<lmxll>,lm,lm,--,--,ll,--,ll,--,--,lm,--,--,lm,ll,--,ll,ll,ll,--,--,ll,ll,lm,--,ll,--,--,--,--,ll,lm,--,--,--,ll,lm,lm,lm,--,--,lm,lm,ll,ll,lm,lm,lm,--,lm,lm,ll,ll,lm,lm,ll,--,--,--,lm,--,--,ll,ll,lm,lm,ll,lm,lm,lm,--,ll,--,lm,--,--,ll,ll,ll,ll,lm,ll,--,--,ll,ll,--,lm,--,ll,ll
*_SCFLD221_422228,<lmxll>,--,--,ll,--,ll,--,--,ll,ll,ll,lm,ll,--,ll,lm,lm,--,lm,ll,lm,lm,lm,ll,--,lm,ll,--,ll,ll,--,--,--,lm,lm,--,ll,--,ll,--,--,ll,ll,lm,lm,ll,ll,ll,--,ll,ll,lm,lm,ll,--,--,--,--,--,--,lm,lm,--,--,lm,ll,lm,ll,ll,ll,--,lm,ll,ll,--,--,lm,lm,ll,lm,--,--,--,--,lm,--,--,ll,ll,lm,--
*_SCFLD221_422238,<nnxnp>,--,--,nn,--,nn,--,--,nn,nn,np,np,np,--,np,np,np,--,nn,nn,nn,np,np,nn,--,nn,np,nn,np,np,nn,--,--,np,np,--,nn,--,nn,--,--,np,nn,np,nn,nn,np,nn,--,nn,nn,--,np,nn,--,--,--,--,--,--,nn,np,--,--,nn,nn,np,nn,nn,np,--,--,nn,np,--,--,np,np,np,np,--,--,--,--,np,--,--,np,np,nn,--
*_SCFLD221_422389,<hkxhk>,--,--,hk,--,--,--,hh,--,--,--,--,kk,kk,kk,--,hk,hk,--,--,hh,--,--,--,--,--,kk,--,--,kk,hh,hk,hk,hk,hk,hh,--,hk,hk,kk,--,kk,--,hk,hh,hk,kk,hk,--,hk,hk,--,hk,hk,hk,--,hk,--,--,--,hh,hk,hk,hh,hh,hk,hk,hk,--,kk,--,hk,hk,kk,--,--,hk,hk,kk,hk,hk,hh,--,hk,hk,hh,--,kk,kk,hh,--
*_SCFLD222_140609,<hkxhk>,--,--,--,--,hh,--,hk,hk,kk,hh,hh,kk,--,hk,--,hk,hk,--,hk,--,kk,hk,hk,--,--,--,kk,--,hk,--,--,--,hk,--,kk,--,kk,--,--,--,hk,--,hk,kk,--,kk,hk,hh,hk,hh,hk,--,hh,--,--,kk,--,--,hk,kk,kk,--,hk,--,kk,hk,kk,--,kk,--,hk,hh,--,--,--,hk,hh,hh,--,kk,hk,--,hk,kk,hh,--,hk,hh,hh,kk
*_SCFLD222_140638,<lmxll>,--,--,--,--,lm,--,ll,ll,ll,--,--,ll,--,lm,--,lm,lm,ll,ll,--,--,lm,lm,--,--,--,--,--,lm,--,--,--,ll,--,ll,--,ll,--,--,--,lm,--,lm,ll,--,ll,lm,--,lm,lm,ll,--,--,--,--,ll,--,--,ll,ll,ll,--,lm,--,ll,--,--,--,--,--,--,lm,--,--,--,ll,--,lm,--,ll,ll,--,ll,ll,lm,--,lm,lm,--,ll
*_SCFLD222_140742,<nnxnp>,nn,nn,np,--,np,nn,np,--,--,np,nn,nn,--,nn,--,nn,nn,nn,np,np,nn,nn,nn,--,nn,nn,nn,--,--,--,np,--,np,np,nn,--,--,np,--,--,--,np,nn,nn,nn,nn,nn,np,--,np,np,nn,np,nn,nn,nn,nn,--,np,--,nn,nn,nn,nn,nn,np,nn,nn,nn,--,np,np,np,nn,--,--,np,--,nn,--,np,--,np,nn,--,nn,nn,--,np,--
*_SCFLD222_177430,<nnxnp>,--,--,nn,--,nn,--,nn,--,--,nn,--,--,--,np,np,np,--,np,nn,nn,np,--,np,--,np,--,--,nn,np,--,--,--,nn,--,np,--,np,--,--,--,np,--,np,np,np,np,np,nn,np,nn,--,np,--,np,--,--,--,nn,nn,np,np,np,--,np,--,nn,--,np,--,nn,nn,nn,--,--,--,--,nn,nn,--,--,nn,--,nn,--,--,--,np,nn,--,np
*_SCFLD222_179895,<nnxnp>,nn,nn,np,--,--,nn,np,--,--,np,np,nn,--,nn,--,nn,--,nn,np,np,nn,nn,nn,np,nn,--,nn,--,nn,--,np,--,np,np,--,nn,nn,np,--,--,nn,np,nn,nn,--,nn,nn,np,nn,np,np,nn,--,nn,nn,nn,--,--,np,nn,nn,nn,nn,np,--,np,nn,--,--,np,np,np,np,--,nn,np,np,np,nn,np,np,--,np,nn,np,--,nn,np,np,--
*_SCFLD222_387054,<nnxnp>,--,--,--,--,np,--,np,--,nn,np,--,nn,--,nn,--,nn,nn,nn,np,--,nn,--,--,--,nn,--,--,--,--,nn,--,--,--,np,nn,nn,nn,--,np,--,nn,np,nn,nn,nn,nn,--,np,nn,np,np,nn,--,--,nn,nn,--,np,np,nn,nn,nn,nn,--,nn,np,nn,nn,nn,np,np,np,np,--,--,np,np,--,nn,nn,np,--,np,--,np,--,nn,--,np,--
*_SCFLD223_187880,<lmxll>,--,--,ll,--,ll,--,ll,--,--,lm,lm,ll,ll,ll,lm,lm,lm,--,ll,ll,lm,lm,--,--,ll,ll,--,--,lm,--,ll,lm,--,ll,ll,--,ll,ll,--,--,--,ll,lm,--,ll,lm,lm,lm,ll,ll,lm,lm,ll,ll,--,--,--,ll,ll,lm,--,--,--,ll,lm,--,ll,ll,lm,--,--,lm,lm,--,lm,--,lm,ll,lm,--,ll,--,--,--,lm,--,lm,--,--,--
*_SCFLD223_190997,<lmxll>,--,--,ll,--,ll,--,ll,--,--,lm,--,ll,--,ll,lm,lm,lm,lm,ll,--,lm,lm,ll,--,ll,ll,lm,lm,lm,lm,--,--,--,--,--,ll,--,--,--,--,lm,ll,lm,--,ll,lm,lm,--,ll,ll,lm,--,ll,--,ll,--,--,ll,ll,--,ll,ll,lm,ll,lm,lm,--,--,--,--,ll,lm,--,--,--,--,--,ll,lm,--,ll,--,ll,ll,--,lm,lm,--,--,lm
*_SCFLD223_244952,<lmxll>,lm,ll,ll,--,ll,--,ll,--,--,ll,lm,ll,--,--,--,lm,--,lm,ll,--,--,lm,--,--,ll,--,--,lm,lm,lm,--,--,--,ll,ll,ll,--,--,--,--,lm,--,lm,lm,ll,lm,lm,--,ll,ll,lm,lm,ll,ll,ll,lm,ll,ll,--,--,--,ll,lm,ll,--,lm,ll,--,lm,--,ll,lm,lm,--,lm,lm,--,ll,--,--,--,--,ll,--,lm,--,ll,--,--,lm
*_SCFLD224_99744,<lmxll>,--,--,lm,--,--,--,--,--,--,lm,--,--,--,lm,--,--,lm,ll,lm,ll,--,lm,--,--,--,ll,ll,ll,--,lm,--,--,--,lm,--,ll,--,ll,--,ll,ll,lm,ll,--,--,ll,ll,--,--,ll,lm,lm,lm,ll,--,ll,lm,--,lm,--,--,lm,--,ll,lm,ll,ll,--,lm,ll,lm,lm,--,--,--,--,ll,--,--,lm,lm,--,ll,lm,lm,--,ll,--,ll,--
*_SCFLD224_134128,<lmxll>,--,--,ll,--,ll,--,lm,lm,--,ll,--,--,--,ll,--,--,--,--,--,lm,lm,ll,--,--,lm,lm,--,lm,--,--,--,--,--,ll,--,--,lm,lm,--,lm,--,ll,--,--,ll,lm,lm,--,ll,lm,ll,ll,ll,lm,ll,lm,--,--,ll,--,--,ll,ll,lm,ll,--,--,--,--,--,ll,ll,--,--,lm,lm,lm,--,ll,--,ll,--,lm,ll,ll,--,lm,--,lm,--
*_SCFLD224_308561,<lmxll>,--,--,ll,--,ll,--,--,--,--,--,--,--,--,ll,ll,ll,--,lm,ll,--,lm,ll,lm,--,lm,lm,lm,lm,--,ll,lm,ll,--,ll,ll,lm,--,lm,--,--,lm,--,--,--,--,--,--,--,--,lm,ll,--,ll,lm,ll,--,--,ll,--,ll,ll,ll,ll,lm,ll,lm,--,lm,--,--,ll,ll,lm,--,--,--,lm,--,--,--,--,--,lm,--,ll,ll,lm,--,lm,--
*_SCFLD225_155070,<nnxnp>,--,--,nn,--,--,--,--,--,--,--,nn,nn,--,np,--,np,nn,--,nn,np,--,--,nn,--,np,nn,nn,np,--,--,nn,--,--,np,--,np,nn,nn,--,--,nn,nn,--,np,--,np,nn,nn,--,nn,np,np,np,np,nn,nn,--,--,nn,--,--,nn,np,--,np,--,nn,np,np,--,--,nn,--,--,--,--,np,np,nn,--,--,--,--,--,nn,--,--,--,--,nn
*_SCFLD225_174320,<nnxnp>,--,np,np,np,np,nn,nn,nn,--,nn,nn,--,--,np,--,np,nn,nn,nn,np,np,nn,nn,--,np,nn,nn,np,nn,nn,--,np,--,np,np,np,nn,nn,--,--,nn,nn,nn,np,np,np,nn,nn,np,nn,np,np,np,np,--,nn,--,np,nn,np,nn,nn,np,nn,np,np,nn,np,np,nn,nn,nn,--,np,--,nn,np,np,nn,np,np,nn,np,np,nn,nn,--,--,np,nn
*_SCFLD225_226025,<lmxll>,ll,--,--,--,ll,--,--,--,--,ll,--,lm,--,lm,--,lm,--,ll,--,--,lm,lm,--,--,--,lm,lm,lm,lm,ll,lm,--,--,--,ll,--,--,--,--,--,--,lm,lm,--,lm,lm,ll,--,lm,ll,lm,ll,ll,lm,lm,--,lm,lm,--,--,--,ll,ll,lm,ll,--,ll,lm,ll,--,ll,ll,ll,--,--,--,ll,ll,ll,--,lm,--,lm,--,ll,--,lm,--,--,lm
*_SCFLD225_241550,<lmxll>,lm,ll,--,--,--,--,--,--,--,--,ll,ll,--,--,lm,ll,ll,--,--,--,ll,ll,--,--,--,ll,--,--,ll,--,ll,--,lm,--,lm,--,ll,lm,ll,lm,ll,ll,--,--,ll,ll,--,ll,--,lm,ll,lm,--,ll,ll,ll,--,--,--,--,lm,ll,lm,ll,--,ll,lm,--,--,--,lm,lm,--,--,--,--,lm,--,--,--,--,--,ll,ll,--,--,--,lm,--,ll
*_SCFLD225_298749,<nnxnp>,--,--,--,--,np,nn,nn,nn,nn,nn,--,nn,--,np,--,--,--,--,nn,--,np,--,--,--,--,nn,nn,--,--,--,nn,--,--,np,np,--,nn,--,--,--,nn,--,nn,np,np,np,nn,--,np,nn,np,--,np,np,--,nn,--,np,nn,--,nn,nn,np,nn,np,np,nn,--,np,nn,--,nn,nn,--,--,--,np,np,nn,--,np,--,np,np,--,nn,np,np,np,--
*_SCFLD225_307416,<nnxnp>,nn,np,np,--,np,--,nn,--,nn,nn,--,nn,np,--,--,--,nn,nn,nn,np,--,--,nn,--,np,nn,--,--,nn,--,nn,--,nn,--,np,--,--,nn,nn,--,--,--,nn,--,--,np,nn,nn,--,nn,--,np,np,np,--,nn,nn,np,nn,np,--,--,np,--,np,np,--,--,np,--,--,nn,nn,--,--,--,np,--,nn,--,--,--,--,np,nn,--,np,np,np,--
*_SCFLD225_411164,<lmxll>,ll,lm,lm,--,--,--,lm,ll,--,ll,--,lm,--,lm,--,--,--,ll,ll,ll,lm,lm,ll,--,--,--,lm,lm,lm,--,lm,--,--,--,--,ll,lm,ll,--,--,lm,--,--,lm,--,lm,--,--,lm,ll,--,ll,ll,lm,--,lm,--,--,ll,ll,ll,lm,ll,lm,ll,--,--,lm,--,--,--,ll,ll,--,--,--,ll,--,ll,--,--,--,lm,lm,--,--,lm,ll,ll,--
*_SCFLD225_427050,<lmxll>,lm,--,ll,--,--,--,--,lm,ll,lm,--,ll,--,ll,--,ll,--,lm,lm,--,ll,ll,lm,--,--,--,ll,ll,ll,--,ll,--,lm,--,lm,lm,--,lm,ll,--,ll,ll,ll,ll,ll,ll,lm,ll,ll,lm,--,lm,lm,--,ll,ll,--,--,lm,lm,lm,ll,lm,ll,lm,ll,lm,ll,lm,--,lm,lm,--,--,--,--,lm,--,lm,lm,ll,--,ll,--,lm,--,--,--,lm,--
*_SCFLD225_437021,<lmxll>,--,--,--,--,lm,--,ll,lm,ll,lm,--,ll,--,ll,lm,ll,ll,lm,--,lm,ll,ll,lm,--,--,--,ll,ll,ll,lm,ll,--,--,--,lm,lm,ll,lm,--,--,ll,ll,ll,ll,--,ll,--,ll,ll,lm,--,lm,lm,--,ll,ll,--,--,lm,--,lm,ll,--,ll,lm,--,lm,--,--,--,lm,lm,lm,--,--,ll,lm,lm,lm,--,ll,--,ll,ll,--,--,ll,lm,--,ll
*_SCFLD225_484406,<lmxll>,--,--,lm,--,--,--,lm,ll,lm,--,lm,lm,--,lm,ll,lm,lm,ll,--,ll,--,lm,ll,--,--,lm,lm,--,lm,ll,--,--,ll,--,ll,ll,--,--,--,--,lm,--,--,--,--,lm,--,--,lm,ll,lm,--,--,lm,lm,lm,--,--,--,ll,--,lm,--,lm,ll,--,ll,--,--,--,--,ll,ll,--,--,lm,ll,ll,--,--,--,--,--,--,--,--,lm,ll,--,lm
*_SCFLD225_484505,<nnxnp>,--,np,np,--,np,--,nn,--,nn,nn,--,nn,--,np,--,np,nn,nn,nn,--,--,nn,nn,--,np,nn,nn,np,nn,nn,--,--,nn,np,np,np,nn,nn,--,--,--,--,--,np,np,np,nn,nn,np,nn,np,np,--,np,nn,nn,nn,--,nn,np,--,nn,np,nn,--,--,nn,np,np,--,--,nn,nn,np,--,--,np,--,nn,np,np,--,np,np,--,--,np,np,np,nn
*_SCFLD226_91406,<nnxnp>,--,--,nn,--,--,--,np,nn,--,np,--,--,--,--,--,--,--,--,nn,--,nn,nn,--,--,--,--,np,nn,np,np,np,--,--,--,nn,np,np,--,--,--,nn,nn,--,--,--,--,--,nn,--,nn,np,nn,np,nn,--,nn,--,--,--,np,nn,np,np,nn,np,nn,--,np,nn,--,np,np,np,--,--,nn,nn,--,nn,np,--,--,nn,--,--,--,np,--,np,np
*_SCFLD226_91499,<lmxll>,--,--,--,--,lm,--,lm,--,--,--,--,ll,--,ll,--,--,lm,ll,ll,--,ll,lm,--,--,lm,--,--,lm,lm,--,lm,--,--,--,ll,ll,ll,--,--,--,ll,--,ll,lm,--,ll,lm,--,lm,lm,ll,--,--,--,--,ll,--,--,--,lm,ll,lm,--,ll,ll,lm,ll,ll,ll,--,lm,ll,--,lm,--,--,--,--,lm,--,--,--,--,ll,lm,--,--,--,ll,lm
*_SCFLD226_204626,<nnxnp>,--,--,np,--,nn,--,nn,--,--,--,--,--,--,nn,np,--,nn,nn,np,np,np,np,--,--,nn,nn,--,np,nn,--,--,--,--,--,np,nn,--,np,--,--,np,np,--,np,--,np,np,--,nn,np,--,--,nn,np,np,np,--,--,--,nn,--,--,nn,--,--,np,nn,--,np,--,nn,--,nn,--,--,np,np,--,np,nn,--,--,np,np,np,--,--,--,nn,nn
*_SCFLD226_268123,<lmxll>,lm,--,lm,--,--,--,lm,lm,--,lm,--,ll,--,ll,lm,--,lm,ll,ll,ll,ll,lm,--,--,lm,ll,--,lm,lm,lm,lm,--,--,--,ll,ll,ll,--,--,lm,ll,ll,--,--,--,ll,lm,ll,lm,lm,--,--,lm,ll,ll,ll,--,ll,--,--,ll,lm,ll,ll,ll,lm,--,ll,ll,--,--,ll,--,--,--,ll,ll,--,lm,--,lm,--,ll,ll,lm,ll,ll,ll,ll,--
*_SCFLD226_321751,<lmxll>,ll,--,--,--,ll,--,ll,ll,--,ll,lm,lm,--,lm,ll,lm,ll,lm,--,--,--,ll,ll,--,ll,--,lm,--,ll,ll,ll,ll,--,lm,--,--,lm,--,--,--,lm,lm,--,ll,--,lm,ll,--,--,ll,lm,--,--,lm,--,lm,ll,--,lm,ll,--,ll,lm,lm,lm,ll,--,lm,lm,lm,--,lm,--,--,--,lm,lm,lm,ll,--,--,--,lm,--,ll,--,--,--,lm,--
*_SCFLD226_349471,<nnxnp>,--,np,--,--,np,--,np,nn,--,--,np,nn,--,np,--,--,np,np,nn,nn,nn,nn,nn,--,np,np,--,nn,np,--,--,np,nn,nn,nn,np,np,nn,--,--,nn,nn,np,nn,nn,nn,nn,nn,np,nn,np,--,np,nn,nn,nn,--,--,--,--,--,np,np,nn,--,nn,--,--,nn,--,np,np,--,np,--,nn,nn,nn,nn,np,np,--,nn,nn,--,--,np,nn,np,np
*_SCFLD227_174333,<lmxll>,--,--,lm,--,--,--,ll,--,--,--,--,--,--,ll,--,--,ll,--,--,lm,lm,ll,--,--,ll,lm,ll,lm,ll,lm,ll,--,--,--,ll,--,--,--,ll,--,lm,--,--,lm,--,lm,--,ll,ll,ll,--,--,--,ll,--,--,--,--,lm,--,lm,ll,--,--,--,ll,--,lm,ll,--,ll,ll,--,--,--,ll,--,lm,lm,ll,lm,--,lm,ll,--,lm,lm,--,ll,lm
*_SCFLD227_279005,<lmxll>,lm,lm,--,lm,ll,--,ll,ll,ll,lm,lm,lm,--,ll,--,--,--,--,--,lm,--,ll,--,--,ll,lm,ll,lm,--,lm,ll,--,--,--,ll,--,lm,--,--,--,lm,lm,lm,lm,lm,lm,ll,--,ll,ll,lm,lm,--,ll,ll,lm,ll,--,lm,ll,lm,--,lm,lm,ll,ll,lm,--,ll,--,--,ll,lm,--,--,ll,lm,lm,lm,ll,--,--,lm,--,lm,--,lm,ll,--,--
*_SCFLD227_303281,<lmxll>,--,--,--,--,--,--,ll,--,--,lm,--,--,--,ll,--,--,ll,lm,ll,--,--,ll,--,--,--,lm,ll,--,ll,--,ll,--,lm,lm,ll,ll,lm,ll,--,--,lm,lm,lm,lm,lm,lm,ll,--,ll,ll,lm,lm,--,--,--,--,--,--,lm,ll,--,ll,lm,--,ll,--,--,--,ll,--,ll,ll,lm,--,--,ll,lm,lm,lm,--,--,--,lm,--,lm,--,lm,ll,ll,--
*_SCFLD227_396468,<nnxnp>,--,--,nn,--,nn,--,--,--,--,np,--,--,--,np,--,np,np,nn,nn,--,--,np,nn,--,nn,--,np,nn,nn,--,--,--,--,--,nn,np,--,np,nn,--,np,nn,nn,nn,--,np,--,--,nn,np,nn,--,nn,nn,--,--,nn,--,np,--,nn,--,--,nn,np,nn,nn,--,--,--,nn,--,--,--,--,--,--,np,--,--,--,--,nn,--,--,--,np,--,nn,nn
*_SCFLD228_41632,<lmxll>,--,--,ll,--,ll,--,--,ll,--,--,--,lm,--,lm,--,--,ll,lm,lm,lm,--,ll,ll,--,ll,lm,lm,ll,ll,lm,ll,--,lm,lm,lm,lm,lm,--,--,--,lm,lm,lm,ll,--,--,ll,--,lm,ll,lm,lm,ll,lm,lm,lm,--,ll,ll,ll,--,ll,--,--,--,--,--,--,lm,--,--,lm,--,--,--,lm,lm,lm,lm,lm,--,--,--,lm,ll,lm,ll,ll,ll,lm
*_SCFLD228_111453,<lmxll>,--,lm,ll,--,ll,--,ll,--,--,ll,--,lm,--,lm,ll,lm,--,lm,--,lm,lm,ll,ll,--,ll,lm,--,ll,ll,lm,ll,--,lm,lm,lm,--,--,lm,--,--,lm,lm,lm,ll,--,lm,ll,lm,lm,ll,lm,lm,ll,lm,lm,--,ll,--,ll,ll,ll,ll,--,ll,lm,ll,lm,lm,lm,--,--,lm,--,ll,--,lm,--,lm,--,lm,lm,--,lm,lm,ll,lm,ll,ll,ll,lm
*_SCFLD229_282900,<hkxhk>,hk,hk,hh,--,hk,--,kk,--,--,hh,--,hk,--,hk,--,hh,kk,hk,kk,kk,--,kk,--,--,--,--,--,hh,hh,hh,kk,--,hk,--,hk,hh,hk,--,--,--,hk,--,--,hk,hk,kk,hk,--,hk,hk,hk,hk,kk,--,hh,hh,--,--,hk,--,hh,hk,--,hk,hh,kk,hk,hh,kk,hk,hk,hk,kk,--,--,--,hk,hk,hk,--,kk,--,kk,hh,hh,--,--,hk,hk,hk
*_SCFLD229_300576,<hkxhk>,--,--,--,--,kk,--,--,--,--,hk,--,--,--,hh,hk,--,hk,kk,hk,--,kk,hh,hh,--,hk,hh,--,hk,hk,--,--,--,--,hk,kk,hk,kk,hk,--,--,hh,hh,--,kk,--,hk,hh,hk,hh,kk,kk,--,--,hk,hk,hk,--,--,hh,--,--,hh,--,--,hk,hk,hh,hk,--,--,--,hk,--,--,--,kk,kk,hh,hh,--,--,--,--,--,hk,--,hk,--,hh,kk
*_SCFLD229_310906,<nnxnp>,--,nn,np,--,np,--,nn,--,--,np,np,--,--,nn,--,np,nn,np,nn,nn,np,nn,--,--,--,nn,nn,np,--,np,--,--,--,--,np,--,np,nn,--,--,nn,nn,--,np,--,nn,nn,nn,nn,np,np,--,nn,nn,np,--,--,--,--,nn,--,--,--,np,np,nn,--,np,--,--,np,nn,nn,--,--,np,np,--,--,--,--,--,--,--,--,--,np,nn,nn,np
*_SCFLD229_326127,<nnxnp>,--,--,np,--,--,--,nn,--,--,nn,np,np,--,nn,nn,np,nn,np,--,nn,np,--,nn,--,np,nn,nn,--,np,np,nn,--,nn,--,np,--,np,--,np,--,nn,nn,--,np,--,nn,nn,nn,nn,--,--,nn,--,nn,np,np,--,--,nn,nn,np,nn,nn,--,--,nn,--,--,--,nn,np,nn,nn,np,--,--,np,--,--,--,nn,--,nn,np,np,--,np,nn,nn,np
*_SCFLD229_426681,<nnxnp>,--,--,nn,--,--,np,--,--,--,nn,--,nn,np,np,--,--,--,--,np,--,--,--,np,--,nn,np,--,--,nn,--,--,np,--,--,nn,nn,--,np,--,--,np,np,--,--,--,np,np,--,np,nn,nn,--,--,--,nn,nn,--,--,np,np,--,np,np,nn,--,np,np,nn,--,--,--,np,--,--,--,nn,nn,np,np,nn,np,--,np,--,--,--,nn,--,--,nn
*_SCFLD230_54508,<lmxll>,--,--,lm,--,--,--,--,ll,--,ll,lm,lm,--,ll,ll,--,lm,ll,--,lm,--,ll,lm,--,lm,--,ll,--,lm,lm,ll,--,--,--,ll,lm,--,--,--,--,--,--,lm,lm,--,--,--,--,ll,lm,ll,--,--,ll,--,--,--,--,lm,ll,--,--,--,ll,ll,lm,--,lm,--,ll,--,lm,ll,--,--,lm,ll,--,--,ll,--,--,--,--,lm,--,ll,ll,--,--
*_SCFLD231_70173,<hkxhk>,--,--,hk,--,--,--,--,--,--,hk,hk,hk,--,--,--,--,hh,hk,--,--,hh,--,hh,--,hh,hk,hh,--,hk,--,--,--,--,kk,hk,hh,hk,kk,--,--,kk,kk,hk,--,hk,hh,hh,--,hh,kk,--,kk,--,hh,--,--,--,kk,kk,hh,hh,hh,hh,hk,hk,--,hk,--,hh,--,hk,hk,--,--,--,hh,hh,hk,--,--,hk,--,hk,--,--,--,kk,--,hk,hk
*_SCFLD232_72530,<lmxll>,--,--,ll,--,--,--,ll,--,--,ll,--,lm,--,ll,--,lm,--,ll,lm,ll,--,lm,lm,--,--,ll,--,ll,--,--,ll,--,--,lm,ll,ll,ll,--,--,--,lm,--,lm,--,--,lm,lm,ll,lm,lm,lm,ll,lm,--,lm,--,ll,ll,ll,ll,lm,ll,ll,ll,lm,--,ll,ll,--,--,--,ll,lm,--,lm,ll,--,--,ll,--,lm,--,ll,lm,--,--,lm,--,ll,--
*_SCFLD233_103064,<nnxnp>,--,nn,--,--,--,nn,--,--,--,--,--,--,--,nn,--,nn,--,nn,np,nn,--,nn,--,--,--,nn,nn,np,np,nn,--,--,--,nn,--,--,nn,--,--,--,np,np,nn,np,np,--,np,--,nn,nn,np,--,nn,np,np,--,np,--,--,np,--,np,--,np,--,np,--,np,nn,nn,nn,nn,np,--,--,--,np,nn,--,--,np,--,np,--,--,--,np,nn,np,--
*_SCFLD234_45491,<hkxhk>,--,--,hh,--,hk,hh,kk,hh,--,hk,--,hk,--,hk,--,hh,--,hh,hk,--,kk,--,hk,--,hk,kk,kk,hk,hk,hk,hk,--,hk,hk,hk,--,hk,hh,--,--,hk,kk,hk,hh,hk,hh,hk,--,hh,hk,hk,hk,--,--,hk,hh,hh,hk,hh,kk,kk,hk,hk,kk,hh,--,hk,kk,--,--,kk,hh,hk,--,--,hk,kk,--,hh,hh,hk,hk,kk,--,--,--,hk,hh,hh,--
*_SCFLD234_173477,<lmxll>,ll,--,--,--,--,--,ll,lm,--,lm,ll,ll,--,--,ll,lm,lm,lm,--,--,ll,--,ll,--,ll,ll,--,--,--,--,ll,--,--,--,lm,--,--,--,--,--,--,ll,--,--,--,lm,ll,--,lm,lm,lm,lm,--,--,lm,--,--,lm,--,ll,--,lm,--,--,lm,ll,lm,ll,--,--,ll,lm,ll,--,--,--,ll,ll,--,--,ll,--,ll,ll,--,--,--,--,lm,ll
*_SCFLD234_357295,<nnxnp>,--,nn,np,--,--,--,nn,--,np,nn,nn,np,nn,--,np,np,--,--,nn,--,nn,np,--,--,--,nn,nn,--,np,--,np,--,--,np,nn,nn,np,np,--,--,nn,nn,--,np,--,--,np,nn,--,nn,nn,--,nn,np,nn,np,np,nn,np,nn,nn,--,np,nn,--,--,--,nn,np,nn,nn,np,np,nn,--,--,nn,nn,np,--,np,--,nn,--,--,--,nn,--,--,--
*_SCFLD234_401500,<lmxll>,lm,--,ll,--,lm,--,--,--,--,ll,--,lm,--,lm,--,ll,ll,ll,--,--,--,--,lm,--,lm,--,lm,--,lm,lm,lm,--,--,--,--,--,lm,ll,--,--,ll,--,ll,ll,--,ll,lm,--,ll,--,--,ll,--,lm,ll,--,--,--,ll,lm,lm,ll,lm,lm,--,lm,--,lm,--,--,lm,ll,--,lm,--,--,--,--,ll,--,lm,--,lm,--,--,--,ll,--,ll,lm
*_SCFLD234_401572,<hkxhk>,hh,--,kk,--,hk,--,--,--,--,hk,--,hk,hk,hk,--,kk,--,kk,hk,hh,hh,kk,hk,--,hk,hh,hh,--,hk,--,--,--,--,hk,hk,hk,--,--,--,--,hk,hh,--,--,hk,kk,--,hh,kk,hk,--,hk,--,hk,hk,--,--,hk,kk,--,hh,--,hk,--,--,--,--,hh,kk,--,--,--,hk,--,--,--,hh,hh,--,--,--,--,hh,--,kk,--,hk,--,kk,hk
*_SCFLD234_417028,<hkxhk>,--,--,kk,--,--,--,hh,--,--,hk,--,hk,--,hk,--,kk,hk,kk,--,--,--,kk,--,--,--,hh,hh,--,--,--,hk,--,--,--,hk,--,hk,kk,--,--,hk,hh,hk,kk,hk,kk,--,--,kk,hk,hk,--,--,--,hk,kk,--,--,--,hh,--,hk,--,--,kk,hh,--,hh,kk,--,hh,kk,hk,hh,--,--,hh,hh,--,--,hk,--,--,--,--,--,hk,--,--,--
*_SCFLD236_50082,<nnxnp>,np,np,--,--,--,nn,np,--,--,np,nn,nn,--,--,--,np,nn,--,--,np,--,np,--,--,--,np,np,--,np,nn,np,--,--,np,nn,nn,np,nn,--,--,np,nn,np,nn,nn,nn,np,--,np,--,nn,--,--,nn,--,np,--,--,nn,np,nn,np,nn,nn,np,nn,nn,--,--,--,np,nn,nn,--,--,nn,np,--,nn,--,nn,--,np,nn,nn,--,np,--,nn,--
*_SCFLD236_50177,<lmxll>,--,--,lm,--,ll,--,--,--,--,lm,--,ll,--,ll,--,--,ll,lm,lm,--,--,lm,--,--,--,--,--,--,lm,lm,ll,--,--,--,ll,--,--,ll,--,--,ll,lm,--,ll,ll,lm,lm,--,lm,lm,--,lm,ll,--,ll,lm,--,--,ll,--,--,lm,ll,lm,ll,ll,--,--,ll,--,--,ll,ll,--,--,--,lm,lm,ll,--,ll,--,ll,--,--,ll,--,ll,ll,--
*_SCFLD236_50209,<hkxhk>,--,--,hk,--,kk,--,kk,--,--,hk,hk,hk,--,hk,--,--,hk,hh,hh,--,--,hk,kk,--,--,--,kk,--,hk,hh,kk,--,--,--,hk,--,--,hk,--,--,kk,hh,--,hk,hk,hh,hk,--,hk,hh,--,hk,kk,--,hh,hk,--,--,hk,--,--,hk,hk,hh,kk,hk,--,kk,kk,--,--,hk,hk,--,--,hh,hk,hh,hk,--,hk,--,kk,hk,--,kk,--,hk,hk,hk
*_SCFLD236_70488,<hkxhk>,--,--,hh,--,hk,hk,hk,--,hk,hh,kk,kk,--,kk,--,--,kk,hk,hk,hh,hh,hh,hk,--,hh,hk,hk,hk,hh,hk,--,--,hh,--,kk,--,hh,--,--,hk,hk,hk,--,kk,kk,--,hh,hh,hh,hk,--,hh,hk,kk,hk,hh,hh,--,kk,hh,kk,hh,kk,--,hk,kk,hk,hk,--,hk,hk,kk,--,--,--,--,hh,hk,kk,hk,--,--,hk,kk,--,--,hh,--,--,hh
*_SCFLD236_237218,<nnxnp>,--,nn,nn,--,nn,--,--,--,np,nn,np,--,nn,np,np,nn,np,--,np,nn,--,nn,nn,--,--,--,nn,--,nn,--,nn,--,--,nn,np,np,nn,np,--,--,nn,--,nn,--,--,np,nn,nn,nn,np,np,nn,nn,--,--,nn,--,nn,np,nn,--,--,np,np,nn,--,--,nn,nn,--,nn,np,np,np,--,np,nn,np,np,--,np,nn,nn,np,np,--,nn,--,np,nn
*_SCFLD236_354994,<nnxnp>,--,np,np,--,--,--,--,nn,--,np,--,nn,np,nn,--,--,nn,nn,nn,np,np,np,--,--,--,np,np,np,np,nn,np,--,np,np,nn,--,--,nn,--,--,np,nn,np,nn,--,nn,--,np,np,nn,nn,np,np,nn,--,np,--,--,nn,np,nn,np,--,nn,np,nn,nn,np,--,nn,np,nn,--,--,--,nn,--,--,nn,--,--,--,--,--,--,np,np,nn,--,--
*_SCFLD236_406169,<lmxll>,--,--,--,--,lm,ll,--,ll,--,ll,--,lm,--,lm,--,--,lm,ll,ll,ll,ll,--,lm,--,--,lm,--,lm,ll,ll,lm,--,ll,lm,lm,--,ll,--,--,--,lm,--,ll,--,--,ll,--,--,--,ll,lm,lm,--,lm,ll,ll,--,--,lm,--,lm,ll,lm,--,lm,--,ll,--,lm,--,lm,lm,lm,--,--,ll,ll,--,lm,--,--,--,lm,--,ll,--,--,lm,lm,ll
*_SCFLD237_108625,<lmxll>,--,lm,lm,--,lm,--,--,--,--,--,--,--,--,lm,--,ll,--,ll,--,--,ll,--,--,--,--,lm,ll,ll,ll,--,--,--,--,--,lm,lm,--,lm,--,--,ll,--,ll,ll,lm,--,lm,ll,lm,lm,ll,ll,ll,lm,lm,--,--,--,lm,--,--,lm,ll,--,ll,--,lm,--,ll,--,--,ll,--,--,ll,ll,--,lm,ll,ll,--,--,lm,lm,--,--,ll,--,--,--
*_SCFLD237_396616,<lmxll>,--,--,--,--,lm,--,lm,--,--,lm,ll,lm,--,lm,--,ll,ll,--,--,lm,ll,lm,lm,--,--,lm,ll,ll,ll,--,lm,ll,ll,--,--,lm,--,lm,--,--,ll,lm,--,--,lm,ll,lm,--,lm,lm,--,--,--,lm,lm,ll,--,--,lm,--,lm,lm,--,--,ll,--,--,--,ll,--,--,ll,--,ll,--,--,ll,--,--,--,lm,--,lm,lm,ll,ll,ll,--,lm,ll
*_SCFLD238_25966,<nnxnp>,--,--,np,--,np,--,nn,--,--,nn,np,--,np,nn,--,--,nn,--,np,--,--,nn,nn,--,--,nn,nn,np,np,nn,np,np,nn,nn,nn,--,nn,--,--,--,np,np,--,np,--,np,np,nn,nn,nn,np,nn,--,--,--,--,--,--,nn,np,np,--,nn,np,--,--,nn,np,--,--,--,nn,--,--,--,--,np,nn,nn,--,np,--,--,nn,--,--,--,--,np,--
*_SCFLD238_25979,<lmxll>,--,--,ll,--,lm,--,ll,--,--,lm,lm,--,ll,--,--,--,lm,--,ll,--,--,ll,--,--,--,--,lm,--,ll,lm,ll,ll,ll,ll,ll,--,lm,--,--,--,lm,ll,--,lm,--,lm,lm,lm,lm,lm,ll,ll,--,--,--,--,--,--,lm,ll,lm,--,lm,ll,--,--,ll,lm,--,--,--,ll,--,--,--,--,ll,ll,--,--,lm,--,--,--,--,--,--,--,ll,--
*_SCFLD238_206924,<hkxhk>,--,hh,hk,--,kk,--,hh,--,--,hk,kk,hk,--,hk,--,hh,hk,--,hk,hk,kk,hh,hk,--,--,--,--,kk,kk,hk,hk,--,hh,--,hh,hh,hk,hk,--,hk,kk,hk,hk,--,kk,kk,kk,--,hk,hk,--,hh,--,kk,kk,hk,--,--,hk,hk,kk,hk,hk,hk,hh,--,hh,--,hh,hk,hh,hh,kk,--,hk,hk,hk,--,hk,--,--,--,--,--,--,--,--,hh,--,--
*_SCFLD238_317999,<hkxhk>,--,kk,--,--,hh,--,kk,hk,--,hk,hh,hk,hk,hk,--,kk,hk,hk,hk,hk,hh,kk,--,--,hk,kk,hk,hh,hk,--,hk,--,--,--,kk,--,hk,hk,--,--,hh,hk,hk,hh,--,hh,hh,hk,hk,hk,hk,kk,--,hh,--,hk,hk,hh,hk,hk,hh,hk,hk,hk,kk,hk,--,hh,kk,hk,kk,kk,hh,kk,hk,hk,hk,--,hk,kk,hh,--,--,--,hk,--,hk,kk,hh,hk
*_SCFLD238_367007,<nnxnp>,--,nn,np,--,np,--,nn,np,--,nn,np,nn,--,nn,nn,--,nn,nn,--,nn,np,nn,--,--,nn,--,nn,np,--,nn,--,np,nn,nn,nn,nn,--,np,--,--,np,--,nn,--,--,np,np,--,nn,nn,np,nn,nn,np,np,--,--,np,nn,--,--,--,nn,--,nn,--,--,np,nn,--,nn,nn,np,--,np,nn,np,nn,--,--,np,--,np,nn,np,nn,nn,--,np,nn
*_SCFLD238_426010,<nnxnp>,np,--,--,--,nn,--,np,nn,--,np,--,np,nn,np,--,np,--,np,nn,--,nn,np,--,--,np,np,np,nn,nn,--,nn,--,np,np,--,np,--,nn,--,--,nn,nn,--,nn,nn,nn,nn,--,np,np,--,np,np,nn,nn,np,--,--,np,--,nn,nn,np,nn,np,nn,np,nn,np,np,np,np,nn,np,--,--,--,np,np,np,nn,--,--,--,nn,--,nn,np,nn,np
*_SCFLD239_18078,<lmxll>,--,--,--,--,lm,--,lm,--,--,lm,--,--,--,ll,--,--,ll,lm,--,--,--,ll,--,--,ll,ll,lm,ll,--,--,--,--,--,--,ll,ll,--,lm,--,--,ll,ll,--,ll,ll,ll,--,ll,ll,lm,--,--,lm,--,--,ll,--,--,--,lm,lm,--,--,ll,--,lm,lm,lm,--,--,--,lm,--,--,--,ll,lm,--,lm,lm,ll,--,--,ll,--,ll,ll,ll,--,--
*_SCFLD239_18215,<nnxnp>,--,nn,nn,--,--,--,np,nn,np,np,np,--,--,np,--,np,np,nn,--,--,np,np,--,nn,np,np,--,--,nn,np,np,--,--,--,nn,nn,nn,np,--,--,np,nn,np,--,--,nn,np,--,nn,np,np,np,--,nn,np,np,--,--,np,np,--,nn,--,np,nn,nn,--,--,nn,--,--,np,nn,--,--,np,np,--,np,--,--,--,--,--,--,--,nn,--,--,np
*_SCFLD240_25171,<hkxhk>,kk,hk,hh,--,--,hh,--,hk,--,hk,hk,--,--,kk,hk,kk,hk,hk,hk,hh,--,kk,hk,--,--,--,--,hk,hk,--,--,--,hk,--,--,hk,hk,hh,--,--,--,kk,--,--,kk,hh,hk,--,--,hh,hk,--,--,kk,hk,--,--,--,hh,hk,hk,--,hk,--,hk,--,hh,hh,hh,--,kk,hh,--,--,--,hh,--,--,--,hk,hk,--,hh,--,hh,--,kk,--,hk,hk
*_SCFLD240_141070,<lmxll>,--,--,lm,--,ll,--,ll,lm,--,ll,lm,lm,--,ll,--,ll,--,--,ll,--,ll,--,lm,--,--,--,ll,ll,ll,--,--,ll,--,--,ll,--,--,--,--,--,lm,--,--,--,ll,lm,--,--,ll,lm,lm,ll,ll,ll,lm,--,--,ll,lm,ll,--,lm,lm,lm,--,lm,--,--,lm,--,--,--,--,--,--,lm,ll,lm,lm,--,--,--,lm,ll,lm,--,ll,--,--,--
*_SCFLD240_248522,<hkxhk>,--,--,hk,--,--,--,hh,hk,--,hk,hk,hk,--,hh,--,hh,hk,hk,hk,kk,--,hh,hk,--,hk,hk,--,hk,--,kk,--,--,hk,hk,hk,hk,hk,kk,--,hk,hk,--,hk,kk,--,kk,--,hk,hh,kk,hk,--,hh,hh,hk,--,--,--,kk,--,--,hk,hk,hk,hk,kk,kk,--,kk,hk,hh,kk,hh,--,--,kk,hk,kk,hk,hk,--,--,kk,hk,--,--,hh,hk,hk,--
*_SCFLD240_249532,<lmxll>,--,--,--,--,ll,lm,ll,--,--,ll,--,lm,--,ll,ll,ll,lm,ll,ll,--,ll,--,lm,--,lm,--,--,ll,ll,lm,ll,ll,lm,--,ll,lm,ll,lm,--,--,lm,ll,lm,lm,ll,lm,lm,lm,--,lm,--,ll,ll,ll,lm,ll,--,ll,lm,ll,--,lm,lm,lm,ll,lm,--,lm,lm,--,--,lm,ll,ll,--,lm,ll,--,lm,ll,ll,--,lm,ll,lm,ll,ll,ll,ll,lm
*_SCFLD240_275399,<lmxll>,--,ll,lm,--,ll,--,ll,--,--,ll,lm,lm,--,ll,--,ll,lm,ll,ll,--,--,ll,lm,--,lm,--,ll,ll,--,--,ll,ll,lm,lm,ll,lm,ll,lm,--,--,lm,ll,lm,lm,--,--,lm,--,ll,lm,lm,--,ll,ll,lm,ll,--,ll,lm,ll,lm,lm,lm,lm,--,lm,lm,lm,--,ll,ll,lm,ll,--,--,lm,ll,--,lm,--,--,--,lm,ll,lm,--,ll,ll,ll,--
*_SCFLD240_309760,<lmxll>,ll,--,--,--,--,--,ll,lm,--,ll,lm,lm,--,ll,--,ll,--,ll,ll,lm,--,ll,lm,--,lm,--,ll,ll,--,--,ll,--,--,--,ll,lm,ll,lm,--,--,--,ll,lm,lm,--,lm,lm,lm,ll,lm,--,ll,--,ll,lm,ll,--,--,lm,ll,lm,lm,lm,--,ll,lm,lm,lm,--,--,--,lm,--,--,--,lm,ll,--,--,ll,ll,--,lm,ll,--,--,--,ll,ll,lm
*_SCFLD240_309809,<hkxhk>,--,--,--,--,--,--,hh,--,--,hk,--,hk,--,hh,--,--,--,hk,hk,--,--,hh,--,--,hk,--,--,hk,--,--,hh,--,--,--,hk,hk,hk,--,--,--,--,hh,--,--,--,kk,hk,hk,hh,kk,--,hk,--,hh,hk,hk,--,--,kk,--,hk,hk,hk,--,hk,kk,kk,kk,--,--,--,kk,--,--,--,kk,hk,--,--,--,hk,--,kk,hk,--,--,--,hk,hk,hk
*_SCFLD240_333437,<lmxll>,ll,ll,lm,--,ll,--,--,--,--,ll,--,lm,--,ll,ll,ll,lm,ll,--,lm,--,ll,lm,--,--,lm,--,ll,ll,--,ll,--,--,lm,--,lm,ll,lm,--,--,--,ll,lm,lm,ll,lm,lm,--,--,lm,lm,ll,ll,--,--,ll,--,--,lm,ll,lm,lm,--,--,ll,--,lm,--,lm,ll,--,lm,--,--,--,lm,ll,--,lm,--,--,--,--,--,lm,--,ll,ll,ll,ll
*_SCFLD240_333443,<hkxhk>,hh,hk,--,--,hh,--,--,--,--,hk,--,hk,--,hh,hk,hh,hk,hk,--,kk,--,hh,hk,--,--,hk,--,hk,hk,--,hh,--,--,hk,--,hk,hk,--,--,--,--,hh,hk,kk,hh,kk,hk,--,--,kk,hk,hk,hh,--,--,hk,--,--,kk,hk,hk,hk,--,--,hk,--,kk,--,kk,hk,--,kk,--,--,--,kk,hk,--,hk,--,--,--,--,--,kk,--,hh,hk,hk,hh
*_SCFLD240_334577,<lmxll>,--,--,lm,--,ll,--,ll,--,--,--,--,lm,--,ll,ll,--,--,ll,ll,lm,ll,--,--,--,--,lm,ll,ll,ll,--,ll,--,--,--,ll,lm,ll,lm,--,--,lm,--,--,lm,ll,lm,lm,--,ll,lm,--,ll,--,--,--,--,--,--,lm,ll,lm,--,--,--,--,lm,--,--,lm,--,--,lm,--,ll,--,--,ll,--,lm,ll,ll,--,--,ll,lm,--,ll,ll,ll,lm
*_SCFLD240_334593,<hkxhk>,--,--,hk,--,hk,--,hk,kk,--,--,--,kk,--,hk,hh,--,kk,hh,hh,hk,hh,--,--,--,--,kk,hk,hh,hh,--,hk,--,kk,--,hh,kk,hh,hk,--,--,kk,--,--,hk,hk,hk,kk,--,hk,hk,--,hh,kk,--,--,--,--,--,hk,hh,kk,kk,kk,kk,--,hk,--,--,hk,--,--,hk,--,hk,--,--,hh,--,kk,hh,hh,--,--,hh,hk,--,hk,hh,hh,kk
*_SCFLD242_274736,<nnxnp>,np,--,np,--,nn,--,nn,--,--,--,--,nn,--,np,--,nn,--,nn,--,--,np,nn,np,--,--,nn,nn,nn,nn,--,np,--,--,--,--,--,np,--,--,--,np,--,--,np,np,nn,nn,np,--,np,np,nn,nn,--,np,np,--,--,np,nn,np,np,np,--,nn,nn,np,nn,nn,np,nn,nn,--,--,--,--,np,--,--,nn,--,--,nn,nn,nn,nn,np,--,--,nn
*_SCFLD242_285108,<lmxll>,lm,lm,lm,--,ll,--,ll,lm,--,lm,ll,ll,--,lm,--,ll,ll,ll,lm,lm,lm,ll,lm,--,ll,lm,lm,lm,ll,ll,--,ll,lm,--,lm,lm,ll,ll,--,--,lm,ll,--,ll,ll,ll,ll,lm,ll,ll,ll,lm,--,ll,--,ll,--,--,ll,lm,lm,ll,lm,--,lm,lm,--,ll,lm,lm,ll,lm,--,--,lm,ll,ll,lm,lm,--,ll,--,lm,ll,ll,--,ll,lm,--,--
*_SCFLD242_436596,<hkxhk>,--,kk,--,--,--,--,--,--,--,--,hh,--,--,--,--,hk,hh,hk,hk,kk,hk,--,--,--,hk,kk,--,--,hk,--,hh,--,--,kk,--,hk,--,hh,--,--,hk,--,hk,hh,--,hk,hk,--,hh,--,hh,kk,kk,hh,--,--,--,--,hh,kk,--,hh,hk,hh,kk,kk,hk,hk,kk,--,hk,--,--,--,kk,--,hh,--,--,--,--,--,--,hk,hk,kk,hh,hk,kk,--
*_SCFLD242_436622,<lmxll>,--,lm,lm,--,ll,--,--,lm,--,lm,ll,--,--,--,--,ll,ll,--,lm,--,lm,--,--,--,ll,lm,--,--,ll,ll,ll,--,--,lm,--,lm,--,ll,--,--,lm,--,lm,ll,--,ll,ll,--,ll,--,ll,lm,lm,ll,--,--,--,--,ll,lm,--,ll,lm,ll,lm,--,lm,ll,lm,--,ll,--,--,lm,--,ll,ll,--,--,--,--,--,--,ll,ll,--,ll,lm,lm,--
*_SCFLD242_457154,<hkxhk>,--,--,hk,--,hk,--,hk,--,--,kk,--,hk,--,--,--,--,hh,hk,--,kk,hk,hk,hk,--,hk,kk,--,--,--,--,hh,--,hk,--,hk,hk,hh,hh,--,--,hk,hh,--,hh,--,hk,--,--,--,hh,hh,--,kk,hh,--,hh,--,--,--,--,hk,--,--,hh,--,--,--,hk,--,hk,--,kk,--,--,--,hk,hh,kk,hk,--,hh,--,--,hk,hk,--,hh,hk,kk,--
*_SCFLD242_479399,<lmxll>,lm,--,lm,--,ll,ll,ll,--,ll,lm,--,--,--,lm,--,--,--,ll,--,--,--,--,lm,--,ll,lm,lm,lm,ll,ll,--,--,--,--,lm,lm,--,ll,--,--,--,--,--,ll,ll,ll,ll,--,ll,ll,ll,ll,lm,ll,lm,ll,lm,--,ll,lm,lm,--,lm,ll,--,lm,lm,--,lm,--,ll,lm,--,--,--,ll,--,lm,--,--,--,--,lm,ll,ll,--,--,--,lm,ll
*_SCFLD242_479406,<nnxnp>,nn,--,nn,--,np,np,np,--,np,np,--,--,--,nn,--,--,--,np,--,--,--,--,nn,--,np,np,np,np,np,nn,--,--,--,--,nn,nn,--,nn,--,--,--,--,--,nn,nn,np,np,--,nn,nn,nn,--,np,nn,nn,nn,np,--,nn,np,--,--,nn,nn,--,np,nn,--,np,--,--,np,--,--,--,np,--,np,--,--,--,--,np,np,np,--,--,--,np,np
*_SCFLD242_479429,<hkxhk>,--,--,hk,--,hk,hk,--,--,hk,kk,--,--,--,hk,--,--,--,hk,hk,--,--,--,hk,--,hk,kk,--,kk,hk,--,--,--,--,--,hk,hk,--,hh,--,--,--,--,--,hh,hh,hk,hk,--,hh,hh,--,--,--,hh,hk,hh,kk,--,hh,kk,hk,--,hk,hh,--,kk,--,--,kk,--,--,kk,--,--,--,hk,--,kk,--,--,--,--,kk,--,hk,--,--,--,kk,hk
*_SCFLD243_32334,<lmxll>,--,--,lm,--,--,--,--,lm,lm,ll,ll,ll,--,--,--,ll,ll,lm,lm,--,lm,ll,--,--,--,ll,lm,lm,--,lm,--,ll,--,--,--,lm,--,lm,--,--,ll,ll,--,--,--,--,ll,--,ll,ll,lm,lm,ll,lm,ll,--,--,--,--,lm,lm,ll,ll,--,--,lm,lm,ll,--,--,--,--,--,--,--,lm,ll,--,--,--,--,--,--,--,--,--,ll,--,ll,--
*_SCFLD244_70392,<hkxhk>,--,--,hh,--,kk,--,hk,--,--,hk,--,--,--,kk,--,--,--,--,hh,hk,hk,--,hk,--,hh,--,hk,kk,--,hh,hk,--,hh,hk,hh,hk,hk,hh,--,--,hh,hk,kk,--,hk,hh,--,--,hk,hk,--,hh,kk,--,kk,--,--,hk,hk,--,--,--,--,hk,hh,hk,--,hh,hk,hk,--,kk,--,--,hk,--,hk,hk,hh,--,--,--,hk,kk,hk,--,kk,hh,kk,hh
*_SCFLD244_70398,<nnxnp>,--,--,nn,--,np,--,nn,--,--,nn,--,--,--,np,--,--,--,--,nn,np,np,--,np,--,nn,--,np,np,--,nn,nn,--,nn,np,nn,np,nn,nn,--,--,nn,nn,np,--,np,nn,nn,--,nn,nn,--,nn,np,--,np,--,--,np,np,--,--,--,--,nn,nn,nn,--,nn,nn,nn,--,--,--,--,np,--,np,nn,nn,--,--,--,np,np,np,--,np,nn,np,nn
