V1,V2,V3,V4,V5
*_SCFLD31_0011332,<lmxll>,1,1,ll,lm,lm,ll,ll,lm,ll,ll,lm,lm,lm,ll,lm,ll,ll,lm,lm,lm,lm,ll,ll,lm,ll,lm,lm,ll,lm,lm,ll,ll,ll,lm,ll,ll,lm,ll,ll,lm,ll,ll,lm,ll,lm,ll,ll,lm,ll,ll,lm,lm,lm,lm,ll,ll,lm,lm,lm,lm,ll,ll,ll,lm,ll,ll,ll,lm,lm,ll,lm,lm,ll,lm,ll,ll,lm,ll,lm,lm,lm,ll,lm,ll,ll,ll,lm,lm,lm,lm,lm,lm
*_SCFLD31_0080606,<lmxll>,0,0,--,--,ll,--,lm,lm,ll,lm,--,lm,lm,--,--,lm,--,lm,lm,--,lm,ll,ll,lm,lm,--,--,ll,ll,--,lm,--,lm,--,--,--,lm,ll,lm,ll,--,--,lm,--,--,lm,--,lm,lm,--,ll,lm,lm,lm,--,lm,--,--,--,lm,--,--,--,--,--,--,--,lm,ll,ll,ll,--,ll,ll,--,--,--,--,--,ll,ll,--,ll,--,--,lm,ll,--,lm,--,lm,--
*_SCFLD31_0108753,<hkxhk>,1,1,hk,hh,hh,hk,hk,hh,hk,hk,hh,hh,hh,hk,hh,hk,hk,hh,hh,hh,hh,hk,hk,hh,hk,hh,hh,hk,hk,hh,hk,hk,hk,hh,hk,hk,hh,hk,hk,hh,hk,hk,hh,hk,hk,hk,hk,hh,hk,hk,hh,hh,hh,hh,hk,hk,hh,hh,hh,hh,hk,hk,hk,hh,hk,hk,hk,hh,hh,hk,hh,hh,hk,hh,hk,hk,hh,hk,hh,hh,hh,hk,hh,hk,hk,hk,hh,hh,hh,hh,hh,hh
*_SCFLD31_0226233,<lmxll>,0,0,lm,ll,ll,lm,lm,ll,lm,lm,ll,ll,ll,lm,ll,lm,lm,ll,ll,ll,ll,lm,lm,ll,lm,ll,ll,lm,lm,ll,lm,lm,lm,ll,lm,lm,ll,lm,lm,ll,lm,lm,ll,lm,lm,lm,lm,ll,lm,lm,ll,ll,ll,ll,lm,lm,ll,ll,ll,ll,lm,lm,lm,ll,lm,lm,lm,ll,ll,lm,ll,ll,lm,ll,lm,lm,ll,lm,ll,ll,ll,lm,ll,lm,lm,lm,ll,ll,ll,ll,ll,ll
*_SCFLD31_0573008,<nnxnp>,1,1,--,--,nn,--,np,--,nn,np,--,np,np,--,--,--,--,np,--,nn,np,nn,--,np,np,--,nn,nn,--,np,np,np,np,--,--,--,np,nn,np,nn,--,--,np,--,--,--,--,np,--,nn,nn,np,--,np,--,np,--,--,--,np,np,nn,--,--,np,--,--,np,--,--,--,--,nn,nn,np,--,--,np,np,--,nn,--,--,--,nn,--,nn,--,np,np,--,np
*_SCFLD31_0573085,<lmxll>,0,0,--,ll,lm,--,lm,--,ll,lm,--,ll,ll,--,--,--,--,ll,ll,lm,ll,ll,--,ll,lm,--,lm,ll,--,ll,lm,lm,lm,--,--,ll,ll,ll,lm,lm,--,--,ll,lm,--,--,--,ll,lm,ll,lm,ll,ll,ll,--,lm,--,ll,--,ll,lm,ll,--,ll,lm,--,lm,ll,ll,ll,--,--,ll,lm,lm,--,--,lm,ll,lm,lm,lm,lm,--,ll,lm,lm,ll,--,ll,ll,ll
*_SCFLD43_0037808,<lmxll>,0,0,--,--,--,--,--,--,lm,--,--,lm,--,ll,--,ll,--,ll,lm,ll,--,--,lm,ll,ll,--,lm,ll,lm,lm,lm,ll,ll,--,ll,ll,lm,ll,--,ll,--,--,lm,lm,--,ll,ll,ll,ll,--,ll,lm,lm,--,--,ll,--,--,ll,lm,ll,--,lm,--,--,--,ll,lm,lm,lm,ll,lm,--,ll,ll,--,--,ll,lm,--,ll,--,--,--,lm,--,--,--,lm,--,ll,ll
*_SCFLD43_0156604,<lmxll>,1,1,--,--,ll,--,lm,--,ll,--,--,ll,--,lm,--,lm,--,--,ll,--,lm,ll,ll,ll,lm,--,ll,lm,ll,--,ll,ll,--,lm,--,lm,--,ll,--,--,--,--,lm,ll,lm,ll,lm,ll,--,ll,ll,lm,lm,lm,ll,--,--,--,--,--,ll,ll,--,ll,ll,--,ll,ll,--,--,lm,--,--,ll,--,--,lm,lm,ll,ll,--,--,--,--,--,lm,--,--,lm,ll,lm,--
*_SCFLD43_0252011,<lmxll>,0,0,--,--,--,--,--,--,--,ll,--,lm,lm,lm,--,lm,--,ll,--,ll,ll,lm,--,ll,--,--,lm,--,lm,--,lm,--,--,--,lm,ll,ll,ll,--,ll,--,--,ll,lm,ll,ll,--,ll,lm,lm,ll,ll,--,--,lm,--,--,ll,--,--,ll,lm,lm,ll,lm,ll,ll,lm,ll,ll,lm,--,lm,ll,lm,lm,--,lm,--,lm,--,--,--,--,lm,lm,--,--,ll,ll,lm,lm
*_SCFLD47_0057430,<lmxll>,0,0,ll,ll,lm,lm,lm,lm,ll,lm,lm,ll,ll,lm,ll,lm,lm,lm,ll,lm,ll,ll,ll,lm,lm,lm,lm,ll,ll,ll,lm,lm,lm,ll,lm,lm,ll,ll,lm,lm,ll,lm,ll,ll,ll,lm,lm,lm,lm,ll,lm,ll,ll,ll,ll,lm,ll,lm,ll,ll,lm,ll,ll,ll,lm,ll,lm,ll,ll,ll,lm,ll,ll,lm,lm,ll,lm,lm,ll,ll,lm,lm,lm,lm,ll,lm,lm,ll,ll,lm,lm,lm
*_SCFLD47_0297710,<nnxnp>,1,1,np,np,nn,nn,nn,nn,np,nn,nn,np,np,nn,np,nn,nn,nn,np,nn,np,np,np,nn,nn,nn,nn,np,np,np,nn,nn,nn,np,nn,nn,np,np,nn,nn,np,nn,np,np,np,nn,nn,nn,nn,np,nn,np,np,np,np,nn,np,nn,np,np,nn,np,np,np,nn,np,nn,np,np,np,nn,np,np,nn,nn,np,nn,nn,np,np,nn,nn,nn,nn,np,nn,nn,np,np,nn,nn,nn
*_SCFLD47_0336040,<nnxnp>,0,0,np,nn,nn,np,np,nn,nn,nn,nn,nn,np,np,nn,np,np,nn,nn,nn,nn,np,np,nn,np,nn,np,np,np,nn,np,np,np,nn,np,np,nn,nn,np,nn,nn,np,nn,np,nn,nn,np,nn,np,np,nn,nn,nn,nn,np,np,nn,nn,nn,nn,nn,np,np,nn,np,np,nn,np,nn,np,nn,nn,np,nn,np,np,nn,np,np,np,nn,nn,np,np,np,np,nn,nn,nn,nn,nn,np
*_SCFLD47_0377222,<nnxnp>,1,1,nn,nn,np,np,np,np,nn,np,np,nn,nn,np,nn,np,np,np,nn,np,nn,nn,nn,np,np,np,np,nn,nn,nn,np,np,np,nn,np,np,nn,nn,np,np,nn,np,nn,nn,nn,np,np,np,np,nn,np,nn,nn,nn,nn,np,nn,np,nn,nn,np,nn,nn,nn,np,nn,np,nn,nn,nn,np,nn,nn,np,nn,nn,np,np,nn,nn,np,np,np,np,nn,np,np,nn,nn,np,np,np
*_SCFLD47_0460812,<nnxnp>,0,0,--,nn,--,--,nn,np,np,--,--,--,np,nn,--,nn,--,--,nn,np,--,--,np,--,--,--,--,--,np,--,nn,--,nn,--,--,--,--,nn,nn,--,--,--,nn,np,--,--,nn,np,--,np,np,nn,--,nn,np,--,nn,np,--,--,np,np,--,nn,nn,np,np,--,nn,--,np,--,np,np,--,--,np,--,np,--,np,--,--,--,--,nn,np,--,nn,--,--,--
*_SCFLD47_0476945,<nnxnp>,0,0,np,nn,nn,np,np,nn,nn,nn,nn,nn,np,np,nn,np,np,nn,nn,nn,nn,np,np,nn,np,nn,np,np,np,nn,np,np,np,nn,np,np,nn,nn,np,nn,nn,np,nn,np,nn,nn,np,nn,np,np,nn,nn,nn,nn,np,np,nn,nn,nn,nn,nn,np,np,nn,np,np,nn,np,nn,np,nn,nn,np,nn,np,np,nn,np,np,np,nn,nn,np,np,np,np,nn,nn,nn,nn,nn,np
*_SCFLD47_0533677,<nnxnp>,0,0,nn,np,np,nn,nn,np,nn,np,np,np,nn,nn,np,nn,nn,np,np,np,np,nn,nn,np,nn,np,nn,nn,nn,np,nn,nn,nn,np,nn,nn,np,np,nn,np,np,nn,np,nn,np,np,nn,np,nn,nn,np,np,np,np,nn,nn,np,np,np,np,np,nn,nn,np,nn,nn,np,nn,np,nn,np,np,nn,np,nn,nn,np,nn,nn,nn,np,np,nn,nn,nn,nn,np,np,np,np,np,nn
*_SCFLD49_0070092,<lmxll>,0,0,--,ll,--,--,lm,--,--,--,lm,--,--,lm,--,lm,--,--,--,ll,--,lm,--,ll,lm,--,lm,lm,lm,ll,lm,lm,--,--,lm,lm,--,ll,lm,ll,--,lm,ll,--,--,--,lm,ll,lm,lm,--,ll,ll,ll,lm,--,ll,--,--,--,--,--,lm,--,--,ll,ll,lm,ll,--,lm,lm,--,ll,--,--,--,lm,--,--,ll,--,lm,--,--,--,--,--,ll,ll,lm,lm
*_SCFLD49_0417576,<nnxnp>,0,0,--,nn,np,--,nn,--,np,np,--,nn,nn,nn,--,nn,nn,--,np,np,nn,--,--,--,nn,--,np,--,np,--,np,--,nn,--,nn,nn,nn,np,nn,np,--,--,np,np,--,np,nn,np,nn,np,nn,nn,nn,--,np,nn,np,np,np,--,np,nn,np,--,np,nn,np,np,np,nn,nn,--,--,np,--,--,--,nn,--,--,np,--,nn,nn,np,--,np,--,nn,--,nn,--
*_SCFLD56_0095517,<nnxnp>,1,1,--,--,np,--,nn,--,nn,--,nn,nn,--,nn,--,nn,--,--,nn,np,np,--,--,np,nn,--,--,nn,--,np,nn,nn,nn,--,--,--,np,np,nn,np,--,--,--,--,--,--,--,np,nn,nn,np,np,np,--,--,nn,--,np,--,np,np,--,nn,np,nn,--,np,nn,--,np,nn,--,nn,np,--,--,--,--,nn,nn,np,--,nn,--,nn,nn,--,--,np,--,nn,--
*_SCFLD56_0301084,<lmxll>,1,1,--,--,--,--,lm,--,ll,--,lm,ll,--,lm,--,lm,--,lm,--,lm,ll,--,--,--,lm,--,--,--,--,ll,ll,lm,lm,--,--,--,ll,--,lm,lm,--,--,--,ll,ll,lm,--,lm,--,--,--,ll,ll,--,--,--,--,lm,lm,ll,--,--,ll,lm,ll,ll,lm,ll,ll,--,--,--,--,lm,lm,--,--,--,ll,ll,lm,lm,lm,--,--,--,--,--,ll,--,lm,--
*_SCFLD56_0333377,<lmxll>,1,1,--,--,--,--,lm,--,--,--,--,ll,--,--,--,--,--,--,ll,lm,ll,ll,ll,lm,--,--,--,lm,ll,ll,--,--,lm,--,lm,--,ll,lm,--,lm,--,lm,lm,--,ll,lm,--,lm,--,ll,lm,ll,ll,ll,--,--,--,lm,--,--,lm,--,ll,lm,ll,--,lm,ll,ll,ll,lm,ll,--,lm,--,--,--,--,ll,--,lm,--,--,--,ll,--,lm,--,ll,--,lm,lm
*_SCFLD56_0529907,<lmxll>,1,1,ll,lm,--,--,lm,--,ll,--,lm,--,--,ll,--,--,lm,--,ll,ll,lm,ll,--,--,lm,--,ll,--,--,lm,ll,--,lm,--,--,--,--,--,lm,--,--,--,lm,ll,--,--,--,ll,lm,--,--,lm,lm,lm,--,lm,--,ll,--,--,ll,--,ll,ll,--,lm,--,ll,--,ll,--,--,ll,ll,--,--,--,lm,ll,--,--,--,--,--,ll,--,ll,--,lm,--,lm,lm
*_SCFLD62_0041886,<lmxll>,0,0,lm,ll,ll,lm,lm,ll,lm,ll,lm,lm,lm,lm,ll,lm,lm,ll,lm,ll,ll,lm,lm,ll,lm,ll,lm,lm,lm,ll,lm,lm,lm,ll,lm,lm,ll,ll,lm,ll,ll,lm,ll,lm,ll,ll,lm,ll,lm,lm,ll,ll,ll,ll,lm,lm,ll,ll,ll,ll,ll,lm,lm,ll,lm,ll,ll,lm,ll,ll,lm,lm,lm,ll,lm,lm,ll,lm,lm,lm,ll,ll,lm,lm,lm,lm,ll,ll,ll,ll,lm,lm
*_SCFLD62_0054558,<hkxhk>,0,0,hk,kk,kk,hk,hk,kk,hk,kk,hk,hk,hk,hk,kk,hk,hk,kk,hk,kk,kk,hk,hk,kk,hk,kk,hk,hk,hk,kk,hk,hk,hk,kk,hk,hk,kk,kk,hk,kk,kk,hk,kk,hk,kk,kk,hk,kk,hk,hk,kk,kk,kk,kk,hk,hk,kk,kk,kk,kk,kk,hk,hk,kk,hk,kk,kk,hk,kk,kk,hk,hk,hk,kk,hk,hk,kk,hk,hk,hk,kk,kk,hk,hk,hk,hk,kk,kk,kk,kk,hk,hk
*_SCFLD62_0080475,<lmxll>,0,0,--,--,--,--,ll,--,lm,--,ll,ll,--,--,--,ll,--,--,lm,lm,ll,--,lm,--,--,--,lm,ll,lm,ll,--,ll,--,--,ll,--,ll,lm,--,lm,--,--,--,lm,--,lm,--,lm,ll,lm,lm,ll,ll,ll,--,ll,--,--,--,lm,lm,lm,--,lm,lm,ll,lm,lm,ll,ll,ll,lm,lm,lm,--,lm,--,ll,lm,lm,--,--,ll,--,lm,--,--,--,ll,--,ll,ll
*_SCFLD62_0231451,<lmxll>,1,1,lm,ll,ll,lm,lm,ll,lm,ll,lm,lm,lm,lm,ll,lm,lm,ll,lm,ll,ll,lm,lm,ll,lm,ll,lm,lm,lm,ll,lm,lm,lm,ll,lm,lm,ll,ll,lm,ll,ll,lm,ll,lm,ll,ll,lm,ll,lm,lm,ll,ll,ll,ll,lm,lm,ll,ll,ll,ll,ll,lm,lm,ll,lm,ll,ll,lm,ll,ll,lm,lm,lm,ll,lm,lm,ll,lm,lm,lm,ll,ll,lm,lm,lm,lm,ll,ll,ll,ll,lm,lm
*_SCFLD62_0384451,<lmxll>,1,1,lm,ll,ll,lm,lm,ll,lm,ll,lm,lm,lm,lm,ll,lm,lm,ll,lm,ll,ll,lm,lm,ll,lm,ll,lm,lm,lm,ll,lm,lm,lm,ll,lm,lm,ll,ll,lm,ll,ll,lm,ll,lm,ll,ll,lm,ll,lm,lm,ll,ll,ll,ll,lm,lm,ll,ll,ll,ll,ll,lm,lm,ll,lm,ll,ll,lm,ll,ll,lm,lm,lm,ll,lm,lm,ll,lm,lm,lm,ll,ll,lm,lm,lm,lm,ll,ll,ll,ll,lm,lm
*_SCFLD62_0491099,<lmxll>,0,0,lm,ll,ll,lm,lm,ll,lm,ll,lm,lm,lm,lm,ll,lm,lm,ll,lm,ll,ll,lm,lm,ll,lm,ll,lm,lm,lm,ll,lm,lm,lm,ll,lm,lm,ll,ll,lm,ll,ll,lm,ll,lm,ll,ll,lm,ll,lm,lm,ll,ll,ll,ll,lm,lm,ll,ll,ll,ll,ll,lm,lm,ll,lm,ll,ll,lm,ll,ll,lm,lm,lm,ll,lm,lm,ll,lm,lm,lm,ll,ll,lm,lm,lm,lm,ll,ll,ll,ll,lm,lm
*_SCFLD67_0014602,<hkxhk>,1,1,kk,hk,hk,kk,hk,hk,kk,kk,hk,hk,hk,hk,hk,kk,kk,kk,hk,kk,hk,kk,kk,hk,hk,hk,hk,kk,kk,hk,kk,kk,kk,hk,kk,hk,hk,kk,kk,hk,kk,hk,kk,hk,kk,kk,hk,hk,kk,kk,kk,kk,hk,kk,kk,hk,kk,hk,kk,kk,kk,kk,hk,hk,hk,kk,kk,hk,hk,kk,hk,hk,kk,hk,kk,kk,kk,hk,hk,hk,hk,kk,hk,kk,hk,kk,kk,hk,hk,hk,hk,hk
*_SCFLD67_0062866,<nnxnp>,0,0,nn,np,np,nn,np,np,nn,nn,np,np,np,np,np,nn,nn,nn,np,nn,np,nn,nn,np,np,np,np,nn,nn,np,nn,nn,nn,np,nn,np,np,nn,nn,np,nn,np,nn,np,nn,nn,np,np,nn,nn,nn,nn,np,nn,nn,np,nn,np,nn,nn,nn,nn,np,np,np,nn,nn,np,np,nn,np,np,nn,np,nn,nn,nn,np,np,np,np,nn,np,nn,np,nn,nn,np,np,np,np,np
*_SCFLD67_0232689,<lmxll>,0,0,lm,ll,ll,lm,ll,ll,lm,lm,ll,ll,ll,ll,ll,lm,lm,lm,ll,lm,ll,lm,lm,ll,ll,ll,ll,lm,lm,ll,lm,lm,lm,ll,lm,ll,ll,lm,lm,ll,lm,ll,lm,ll,lm,lm,ll,ll,lm,lm,lm,lm,ll,lm,lm,ll,lm,ll,lm,lm,lm,lm,ll,ll,ll,lm,lm,ll,ll,lm,ll,ll,lm,ll,lm,lm,lm,ll,ll,ll,ll,lm,ll,lm,ll,lm,lm,ll,ll,ll,ll,ll
*_SCFLD67_0250531,<lmxll>,1,1,ll,ll,lm,--,lm,--,ll,--,--,--,--,lm,--,lm,--,ll,lm,lm,--,ll,ll,ll,--,--,--,ll,--,ll,lm,--,lm,--,--,--,ll,ll,lm,--,--,--,ll,lm,--,--,lm,ll,--,ll,--,ll,ll,ll,lm,lm,ll,--,--,--,lm,ll,--,--,lm,ll,lm,lm,ll,--,lm,ll,--,lm,lm,ll,--,--,ll,--,--,--,--,--,ll,lm,lm,--,ll,ll,--,--
*_SCFLD67_0252704,<nnxnp>,0,0,nn,np,np,nn,np,np,nn,nn,np,np,np,np,np,nn,nn,nn,np,nn,np,nn,nn,np,np,np,np,nn,nn,np,nn,nn,nn,np,nn,np,np,nn,nn,np,nn,np,nn,np,nn,nn,np,np,nn,nn,nn,nn,np,nn,nn,np,nn,np,nn,nn,nn,nn,np,np,np,nn,nn,np,np,nn,np,np,nn,np,nn,nn,nn,np,np,np,np,nn,np,nn,np,nn,nn,np,np,np,np,np
*_SCFLD67_0446477,<lmxll>,1,1,ll,lm,lm,ll,lm,lm,ll,ll,lm,lm,ll,lm,lm,ll,ll,ll,lm,ll,lm,ll,ll,lm,lm,lm,lm,ll,ll,lm,ll,ll,ll,lm,ll,lm,lm,ll,ll,lm,ll,lm,ll,lm,ll,ll,lm,lm,ll,ll,ll,ll,lm,ll,ll,lm,ll,lm,ll,ll,ll,ll,lm,lm,lm,ll,ll,lm,lm,ll,lm,lm,ll,lm,ll,ll,ll,lm,lm,lm,lm,ll,lm,ll,lm,ll,ll,lm,lm,lm,lm,lm
*_SCFLD67_0460224,<lmxll>,1,1,--,--,ll,--,ll,--,lm,--,--,lm,--,--,--,ll,--,lm,ll,--,--,lm,lm,lm,ll,--,ll,--,lm,lm,--,--,--,--,--,--,lm,lm,ll,ll,--,lm,lm,ll,ll,ll,--,lm,ll,lm,--,lm,lm,lm,ll,--,--,lm,--,--,ll,--,lm,lm,ll,--,ll,ll,--,lm,ll,--,--,ll,--,lm,ll,--,lm,ll,ll,--,--,--,lm,--,ll,lm,lm,lm,lm,lm
*_SCFLD98_0429675,<nnxnp>,1,1,--,nn,np,--,--,--,--,np,--,np,--,np,np,np,--,np,nn,--,nn,--,nn,np,--,--,nn,np,--,nn,nn,np,--,--,--,--,--,--,np,--,--,--,nn,np,nn,np,np,np,np,nn,np,nn,nn,nn,nn,np,np,np,--,--,--,nn,nn,np,nn,nn,--,nn,nn,--,--,nn,nn,np,np,--,--,--,nn,--,--,--,--,--,nn,--,np,--,nn,--,np,--
*_SCFLD98_0496504,<lmxll>,1,1,--,--,ll,--,--,--,--,lm,--,lm,ll,ll,lm,ll,ll,--,lm,--,--,--,lm,lm,--,--,lm,--,--,ll,lm,ll,--,--,--,--,ll,--,--,--,--,--,ll,--,ll,lm,ll,lm,ll,--,--,ll,ll,--,lm,--,--,--,--,--,lm,--,lm,lm,--,ll,--,--,ll,--,ll,lm,lm,lm,--,--,ll,ll,--,lm,--,lm,ll,--,--,--,--,--,ll,lm,ll,ll
*_SCFLD163_0041428,<nnxnp>,1,1,nn,nn,np,np,np,nn,nn,np,np,nn,nn,np,nn,np,np,nn,np,np,nn,nn,nn,nn,np,np,np,nn,nn,nn,np,np,np,nn,np,np,nn,nn,np,np,nn,nn,nn,np,nn,np,np,nn,np,nn,np,nn,nn,nn,np,np,nn,nn,np,nn,np,nn,nn,nn,np,nn,np,np,nn,nn,np,nn,nn,np,np,nn,np,np,nn,np,np,np,np,np,nn,np,np,nn,nn,nn,nn,nn
*_SCFLD163_0129067,<hkxhk>,1,1,hk,hk,kk,kk,kk,hk,hk,kk,kk,hk,hk,kk,hk,kk,kk,hk,kk,kk,hk,hk,hk,hk,kk,kk,kk,hk,hk,hk,kk,kk,kk,hk,kk,kk,hk,hk,kk,kk,hk,hk,hk,kk,hk,kk,kk,hk,kk,hk,kk,hk,hk,hk,kk,kk,hk,hk,kk,hk,kk,hk,hk,hk,kk,hk,kk,kk,hk,hk,kk,hk,hk,kk,kk,hk,kk,kk,hk,kk,kk,kk,kk,kk,hk,kk,kk,hk,hk,hk,hk,hk
*_SCFLD163_0315714,<lmxll>,0,0,--,lm,ll,--,ll,--,ll,lm,--,lm,lm,lm,--,lm,--,--,ll,lm,--,ll,ll,lm,ll,--,ll,--,--,--,lm,lm,lm,--,lm,--,lm,ll,--,ll,--,--,ll,--,--,lm,ll,lm,lm,--,lm,ll,lm,--,--,--,lm,lm,--,--,--,ll,lm,lm,--,ll,--,ll,--,ll,ll,lm,ll,ll,lm,ll,--,--,lm,ll,--,lm,--,--,--,--,ll,--,lm,--,lm,lm
*_SCFLD163_0320009,<nnxnp>,1,1,nn,np,--,--,--,--,--,np,--,np,--,np,np,np,np,--,nn,--,np,--,--,np,--,--,nn,nn,--,np,--,--,--,--,--,nn,--,--,--,nn,--,--,--,--,--,np,--,np,--,--,--,nn,np,nn,np,--,--,np,--,--,np,nn,nn,np,--,nn,--,--,--,nn,nn,--,nn,nn,--,--,--,nn,np,--,nn,np,--,--,--,--,nn,--,np,--,np,np
*_SCFLD163_0370627,<nnxnp>,0,0,nn,nn,np,np,np,nn,nn,np,np,nn,nn,np,nn,np,np,nn,np,np,nn,nn,nn,nn,np,np,np,nn,nn,nn,np,np,np,nn,np,np,nn,nn,np,np,nn,nn,nn,np,nn,np,np,nn,np,nn,np,nn,nn,nn,np,np,nn,nn,np,nn,np,nn,nn,nn,np,nn,np,np,nn,nn,np,nn,nn,np,np,nn,np,np,nn,np,np,np,np,np,nn,np,np,nn,nn,nn,nn,nn
*_SCFLD163_0375012,<nnxnp>,0,0,nn,nn,np,np,np,nn,nn,np,np,nn,nn,np,nn,np,np,nn,np,np,nn,nn,nn,nn,np,np,np,nn,nn,nn,np,np,np,nn,np,np,nn,nn,np,np,nn,nn,nn,np,nn,np,np,nn,np,nn,np,nn,np,nn,np,np,nn,nn,np,nn,np,nn,nn,nn,np,nn,np,np,nn,nn,np,nn,nn,np,np,nn,np,np,nn,np,np,np,np,np,nn,np,np,nn,nn,nn,nn,nn
*_SCFLD195_0000615,<hkxhk>,1,1,hk,kk,kk,hk,hk,kk,hk,kk,kk,kk,hk,hk,kk,hk,hk,kk,kk,kk,kk,hk,hk,kk,hk,kk,hk,hk,hk,kk,hk,hk,hk,kk,hk,hk,kk,kk,hk,kk,kk,hk,kk,hk,kk,kk,hk,kk,hk,hk,kk,kk,kk,kk,hk,hk,kk,kk,kk,kk,kk,hk,hk,kk,hk,hk,kk,hk,kk,hk,kk,kk,hk,kk,hk,hk,kk,hk,hk,hk,kk,kk,hk,hk,hk,hk,kk,kk,kk,kk,kk,hk
*_SCFLD195_0028802,<nnxnp>,1,1,np,nn,nn,np,np,nn,np,nn,nn,nn,np,np,nn,np,np,nn,nn,nn,nn,np,np,nn,np,nn,np,np,np,nn,np,np,np,nn,np,np,nn,nn,np,nn,nn,np,nn,np,nn,nn,np,nn,np,np,nn,nn,nn,nn,np,np,nn,nn,nn,nn,nn,np,np,nn,np,np,nn,np,nn,np,nn,nn,np,nn,np,np,nn,np,np,np,nn,nn,np,np,np,np,nn,nn,nn,nn,nn,np
*_SCFLD195_0116559,<nnxnp>,0,0,np,nn,nn,np,np,nn,np,nn,nn,nn,np,np,nn,np,np,nn,nn,nn,nn,np,np,nn,np,nn,np,np,np,nn,np,np,np,nn,np,np,nn,nn,np,nn,nn,np,nn,np,nn,nn,np,nn,np,np,nn,nn,nn,nn,np,np,nn,nn,nn,nn,nn,np,np,nn,np,np,nn,np,nn,np,nn,nn,np,nn,np,np,nn,np,np,np,nn,nn,np,np,np,np,nn,nn,nn,nn,nn,np
*_SCFLD195_0184708,<nnxnp>,0,0,np,nn,nn,np,np,nn,np,nn,nn,nn,np,np,nn,np,np,nn,nn,nn,nn,np,np,nn,np,nn,np,np,np,nn,np,np,np,nn,np,np,nn,nn,np,nn,nn,np,nn,np,nn,nn,np,nn,np,np,nn,nn,nn,nn,np,np,nn,nn,nn,nn,nn,np,np,nn,np,np,nn,np,nn,np,nn,nn,np,nn,np,np,nn,np,np,np,nn,nn,np,np,np,np,nn,nn,nn,nn,nn,np
*_SCFLD195_0239994,<nnxnp>,1,1,np,nn,nn,np,np,nn,np,nn,nn,nn,np,np,nn,np,np,nn,nn,nn,nn,np,np,nn,np,nn,np,np,np,nn,np,np,np,nn,np,np,nn,nn,np,nn,nn,np,nn,np,nn,nn,np,nn,np,np,nn,nn,nn,nn,np,np,nn,nn,nn,nn,nn,np,np,nn,np,np,nn,np,nn,np,nn,nn,np,nn,np,np,nn,np,np,np,nn,nn,np,np,np,np,nn,nn,nn,nn,nn,np
*_SCFLD195_0276362,<lmxll>,0,0,--,--,--,--,ll,--,--,ll,--,lm,--,--,--,ll,--,--,lm,ll,--,lm,lm,ll,ll,--,ll,lm,lm,lm,ll,ll,--,--,--,--,lm,lm,ll,--,--,ll,--,lm,lm,ll,--,ll,ll,lm,ll,lm,--,--,lm,ll,--,--,--,--,ll,lm,lm,lm,--,lm,--,--,--,lm,ll,lm,--,ll,--,lm,ll,ll,lm,lm,ll,--,ll,--,--,--,ll,--,--,--,ll,ll
*_SCFLD195_0303388,<nnxnp>,1,1,np,nn,nn,np,np,nn,np,nn,nn,nn,np,np,nn,np,np,nn,nn,nn,nn,np,np,nn,np,nn,np,np,np,nn,np,np,np,nn,np,np,nn,nn,np,nn,nn,np,nn,np,nn,nn,np,nn,np,np,nn,nn,nn,nn,np,np,nn,nn,nn,nn,nn,np,np,nn,np,np,nn,np,nn,np,nn,nn,np,nn,np,np,nn,np,np,np,nn,nn,np,np,np,np,nn,nn,nn,nn,nn,np
*_SCFLD195_0304883,<lmxll>,1,1,lm,ll,ll,lm,lm,ll,lm,ll,ll,ll,lm,lm,ll,lm,lm,ll,ll,ll,ll,lm,lm,ll,lm,ll,lm,lm,lm,ll,lm,lm,lm,ll,lm,lm,ll,ll,lm,ll,ll,lm,ll,lm,ll,ll,lm,ll,lm,lm,ll,ll,ll,ll,lm,lm,ll,ll,ll,ll,ll,lm,lm,ll,lm,lm,ll,lm,ll,lm,ll,ll,lm,ll,lm,lm,ll,lm,lm,lm,ll,ll,lm,lm,lm,lm,ll,ll,ll,ll,ll,lm
*_SCFLD195_0324629,<lmxll>,1,1,lm,ll,ll,lm,lm,ll,lm,ll,ll,ll,lm,lm,ll,lm,lm,ll,ll,ll,ll,lm,lm,ll,lm,ll,lm,lm,lm,ll,lm,lm,lm,ll,lm,lm,ll,ll,lm,ll,ll,lm,ll,lm,ll,ll,lm,ll,lm,lm,ll,ll,ll,ll,lm,lm,ll,ll,ll,ll,ll,lm,lm,ll,lm,lm,ll,lm,ll,lm,ll,ll,lm,ll,lm,lm,ll,lm,lm,lm,ll,ll,lm,lm,lm,lm,ll,ll,ll,ll,ll,lm
*_SCFLD234_0045491,<hkxhk>,1,1,--,--,hh,--,hk,hh,kk,hh,--,hk,--,hk,--,hk,--,hh,--,hh,hk,--,kk,--,hk,--,hk,kk,kk,hk,hk,hk,hk,--,hk,hk,hk,--,hk,hh,--,--,hk,kk,hk,hh,hk,hh,hk,--,hh,hk,hk,hk,--,--,hk,hh,hh,hk,hh,kk,kk,hk,hk,kk,hh,--,hk,kk,--,--,kk,hh,hk,--,--,hk,kk,--,hh,hh,hk,hk,kk,--,--,--,hk,hh,hh,--
*_SCFLD234_0173477,<nnxnp>,1,1,nn,--,--,--,--,--,nn,np,--,np,nn,nn,--,--,nn,np,np,np,--,--,nn,--,nn,--,nn,nn,--,--,--,--,nn,--,--,--,np,--,--,--,--,--,--,nn,--,--,--,np,nn,--,np,np,np,np,--,--,np,--,--,np,--,nn,--,np,--,--,np,nn,np,nn,--,--,nn,np,nn,--,--,--,nn,nn,--,--,nn,--,nn,nn,--,--,--,--,np,nn
*_SCFLD234_0357295,<lmxll>,1,1,--,ll,lm,--,--,--,ll,--,lm,ll,ll,lm,ll,--,lm,lm,--,--,ll,--,ll,lm,--,--,--,ll,ll,--,lm,--,lm,--,--,lm,ll,ll,lm,lm,--,--,ll,ll,--,lm,--,--,lm,ll,--,ll,ll,--,ll,lm,ll,lm,lm,ll,lm,ll,ll,--,lm,ll,--,--,--,ll,lm,ll,ll,lm,lm,ll,--,--,ll,ll,lm,--,lm,--,ll,--,--,--,ll,--,--,--
*_SCFLD234_0401500,<lmxll>,1,1,lm,--,ll,--,lm,--,--,--,--,ll,--,lm,--,lm,--,ll,ll,ll,--,--,--,--,lm,--,lm,--,lm,--,lm,lm,lm,--,--,--,--,--,lm,ll,--,--,ll,--,ll,ll,--,ll,lm,--,ll,--,--,ll,--,lm,ll,--,--,--,ll,lm,lm,ll,lm,lm,--,lm,--,lm,--,--,lm,ll,--,lm,--,--,--,--,ll,--,lm,--,lm,--,--,--,ll,--,ll,lm
*_SCFLD234_0401572,<lmxll>,0,0,ll,--,ll,--,lm,--,--,--,--,lm,--,lm,lm,lm,--,ll,--,ll,lm,ll,ll,ll,lm,--,lm,ll,ll,--,lm,--,--,--,--,lm,lm,lm,--,--,--,--,lm,ll,--,--,lm,ll,--,ll,ll,lm,--,lm,--,lm,lm,--,--,lm,ll,--,ll,--,lm,--,--,--,--,ll,ll,--,--,--,lm,--,--,--,ll,ll,--,--,--,--,ll,--,ll,--,lm,--,ll,lm
*_SCFLD234_0417028,<lmxll>,1,1,--,--,ll,--,--,--,ll,--,--,lm,--,lm,--,lm,--,ll,lm,ll,--,--,--,ll,--,--,--,ll,ll,--,--,--,lm,--,--,--,lm,--,lm,ll,--,--,lm,ll,lm,ll,lm,ll,--,--,ll,lm,lm,--,--,--,lm,ll,--,--,--,ll,--,lm,--,--,ll,ll,--,ll,ll,--,ll,ll,lm,ll,--,--,ll,ll,--,--,lm,--,--,--,--,--,lm,--,--,--
*_SCFLD266_0236000,<lmxll>,1,1,--,lm,ll,--,lm,--,ll,lm,--,--,lm,--,lm,lm,--,lm,--,ll,lm,ll,--,lm,lm,--,ll,ll,ll,--,--,lm,--,--,lm,lm,lm,ll,lm,ll,--,--,lm,--,lm,--,lm,lm,lm,ll,--,lm,lm,--,ll,lm,lm,lm,ll,--,lm,--,--,--,--,ll,--,lm,ll,ll,ll,lm,ll,ll,lm,--,--,lm,lm,--,ll,--,--,--,lm,--,--,--,lm,lm,lm,lm
*_SCFLD282_0038993,<nnxnp>,1,1,--,--,nn,--,nn,--,--,--,--,np,--,--,--,np,--,nn,nn,np,--,nn,nn,np,nn,--,--,--,--,np,np,--,--,--,--,--,np,nn,np,--,--,--,--,--,np,--,--,np,np,nn,--,nn,np,nn,np,--,nn,np,--,nn,np,nn,np,np,nn,--,np,--,--,nn,nn,--,nn,nn,np,--,--,nn,np,--,--,--,--,--,--,np,--,--,np,np,np,--
*_SCFLD282_0055453,<lmxll>,0,0,lm,lm,ll,ll,ll,lm,lm,ll,ll,lm,lm,ll,lm,ll,ll,lm,ll,ll,lm,lm,lm,lm,ll,ll,ll,lm,lm,lm,ll,ll,ll,lm,ll,ll,lm,lm,ll,ll,lm,lm,lm,ll,ll,ll,ll,lm,ll,lm,ll,lm,lm,lm,ll,ll,lm,lm,ll,lm,ll,lm,lm,lm,ll,lm,ll,ll,lm,lm,ll,lm,lm,ll,ll,lm,ll,ll,lm,ll,ll,ll,ll,ll,lm,ll,ll,lm,lm,lm,lm,lm
*_SCFLD282_0055489,<lmxll>,0,0,--,lm,ll,--,ll,--,ll,lm,--,lm,lm,ll,lm,lm,lm,ll,ll,lm,lm,ll,--,lm,ll,--,ll,ll,ll,--,lm,--,lm,--,--,ll,lm,ll,lm,ll,--,--,ll,ll,lm,lm,ll,lm,lm,ll,lm,ll,lm,ll,lm,ll,--,lm,ll,ll,lm,--,lm,--,ll,ll,lm,ll,lm,ll,ll,lm,--,ll,lm,--,--,ll,lm,ll,ll,lm,ll,--,lm,lm,lm,--,lm,lm,lm,--
*_SCFLD282_0097253,<lmxll>,1,1,--,lm,--,--,--,--,ll,--,--,--,lm,ll,--,lm,--,--,ll,--,--,ll,--,lm,ll,ll,ll,ll,ll,lm,--,--,lm,--,lm,--,lm,ll,lm,--,--,lm,ll,ll,--,lm,ll,lm,lm,ll,lm,ll,--,ll,lm,ll,--,lm,--,ll,lm,ll,lm,lm,--,--,--,ll,--,ll,ll,--,ll,ll,--,--,--,ll,ll,--,--,lm,ll,--,--,lm,--,--,lm,--,--,--
*_SCFLD282_0097288,<nnxnp>,0,0,np,np,nn,nn,nn,np,np,nn,nn,np,np,nn,np,nn,nn,np,nn,nn,np,np,np,np,nn,nn,nn,np,np,np,nn,nn,nn,np,nn,nn,np,np,nn,nn,np,np,np,nn,nn,nn,nn,np,nn,np,nn,np,np,np,nn,nn,np,np,nn,np,nn,np,np,np,nn,np,nn,nn,np,np,nn,np,np,nn,nn,np,nn,nn,np,nn,nn,nn,nn,nn,np,nn,nn,np,np,np,np,np
*_SCFLD282_0103317,<nnxnp>,0,0,nn,np,--,--,--,--,nn,np,--,np,np,nn,np,np,--,nn,nn,np,--,--,--,np,--,--,nn,nn,nn,np,np,np,np,np,--,--,--,nn,--,--,--,--,nn,nn,--,np,nn,np,np,--,--,nn,np,--,np,nn,nn,np,--,--,np,nn,--,np,--,--,np,nn,--,nn,nn,np,nn,nn,np,--,np,nn,np,--,--,--,--,--,np,nn,np,--,np,np,np,--
*_SCFLD282_0133029,<hkxhk>,0,0,hk,hk,hh,hh,hh,hk,hk,hh,hh,hk,hk,hh,hk,hh,hh,hk,hh,hh,hk,hk,hk,hk,hh,hh,hh,hk,hk,hk,hh,hh,hh,hk,hh,hh,hk,hk,hh,hh,hk,hk,hk,hh,hh,hh,hh,hk,hh,hk,hh,hk,hk,hk,hh,hh,hk,hk,hh,hk,hh,hk,hk,hk,hh,hk,hh,hh,hk,hk,hh,hk,hk,hh,hh,hk,hh,hh,hk,hh,hh,hh,hh,hh,hk,hh,hh,hk,hk,hk,hk,hk
*_SCFLD282_0133056,<nnxnp>,0,0,--,--,--,--,--,--,--,nn,--,np,np,--,--,nn,--,nn,np,nn,np,nn,--,np,np,--,np,--,nn,np,nn,nn,--,np,--,np,np,nn,nn,--,--,--,--,np,nn,nn,--,np,--,--,--,nn,np,nn,--,--,nn,--,--,--,nn,nn,--,--,np,nn,--,np,np,nn,np,np,--,np,--,--,--,np,--,--,--,nn,np,--,np,--,--,np,np,--,np,np
*_SCFLD282_0164771,<hkxhk>,1,1,hk,hk,hh,hh,hh,hk,hk,hh,hh,hk,hk,hh,hk,hh,hh,hk,hh,hh,hk,hk,hk,hk,hh,hh,hh,hk,hk,hk,hh,hh,hh,hk,hh,hh,hk,hk,hh,hh,hk,hk,hk,hh,hh,hh,hh,hk,hh,hk,hh,hk,hk,hk,hh,hh,hk,hk,hh,hk,hh,hk,hk,hk,hh,hk,hh,hh,hk,hk,hh,hk,hk,hh,hh,hk,hh,hh,hk,hh,hh,hh,hh,hh,hk,hh,hh,hk,hk,hk,hk,hk
*_SCFLD282_0184760,<nnxnp>,1,1,np,np,nn,nn,nn,np,np,nn,nn,np,np,nn,np,nn,nn,np,nn,nn,np,np,np,np,nn,nn,nn,np,np,np,nn,nn,nn,np,nn,nn,np,np,nn,nn,np,np,np,nn,nn,nn,nn,np,nn,np,nn,np,np,np,nn,nn,np,np,nn,np,nn,np,np,np,nn,np,nn,nn,np,np,nn,np,np,nn,nn,np,nn,nn,np,nn,nn,nn,nn,nn,np,nn,nn,np,np,np,np,np
*_SCFLD282_0233009,<nnxnp>,1,1,np,np,nn,nn,nn,np,np,nn,nn,np,np,nn,np,nn,nn,np,nn,nn,np,np,np,np,nn,nn,nn,np,np,np,nn,nn,nn,np,nn,nn,np,np,nn,nn,np,np,np,nn,nn,nn,nn,np,nn,np,nn,np,np,np,nn,nn,np,np,nn,np,nn,np,np,np,nn,np,nn,nn,np,np,nn,np,np,nn,nn,np,nn,nn,np,nn,nn,nn,nn,nn,np,nn,nn,np,np,np,np,np
*_SCFLD282_0328950,<lmxll>,0,0,ll,--,ll,--,ll,--,ll,--,ll,--,lm,--,--,--,--,ll,--,lm,lm,ll,ll,--,--,--,--,ll,ll,--,lm,lm,lm,--,--,--,lm,ll,lm,ll,--,--,ll,--,--,--,--,lm,--,ll,lm,ll,lm,ll,--,ll,ll,--,--,ll,--,ll,--,lm,ll,--,--,ll,ll,ll,--,--,ll,ll,--,--,--,--,lm,--,ll,lm,ll,--,lm,--,--,lm,lm,--,--,--
*_SCFLD282_0328967,<nnxnp>,1,1,nn,nn,np,np,np,nn,nn,np,np,nn,nn,np,nn,np,np,nn,np,np,nn,nn,nn,nn,np,np,np,nn,nn,nn,np,np,np,nn,np,np,nn,nn,np,np,nn,nn,nn,np,np,np,np,nn,np,nn,np,nn,nn,nn,np,np,nn,nn,np,nn,np,nn,nn,nn,np,nn,np,np,nn,nn,np,nn,nn,np,np,nn,np,np,nn,np,np,np,np,np,nn,np,np,nn,nn,nn,nn,nn
*_SCFLD282_0358380,<lmxll>,0,0,ll,--,lm,--,lm,lm,ll,--,--,--,lm,--,--,ll,--,ll,lm,ll,lm,--,--,lm,--,--,lm,ll,ll,lm,--,ll,--,--,--,lm,--,ll,--,--,--,--,ll,--,ll,ll,lm,lm,--,--,ll,ll,lm,ll,ll,--,ll,lm,ll,--,ll,--,lm,lm,lm,ll,--,lm,lm,ll,--,lm,--,lm,ll,--,--,lm,--,--,lm,--,--,--,--,--,--,--,lm,--,lm,--
*_SCFLD282_0371263,<lmxll>,0,0,--,--,ll,--,--,--,--,--,--,lm,lm,--,--,lm,lm,ll,ll,--,lm,--,ll,--,--,--,ll,ll,--,--,lm,--,lm,--,--,--,lm,ll,lm,ll,--,--,ll,--,--,--,ll,lm,lm,ll,lm,ll,lm,--,lm,ll,ll,--,--,--,lm,--,--,lm,--,ll,--,ll,lm,ll,ll,--,--,ll,lm,--,lm,ll,lm,--,ll,--,ll,--,lm,lm,ll,lm,lm,lm,lm,lm
*_SCFLD293_0083604,<nnxnp>,0,0,--,np,nn,--,--,--,nn,--,np,nn,--,np,--,np,--,nn,nn,nn,np,nn,nn,nn,--,--,nn,--,--,np,--,np,--,--,--,--,np,nn,np,nn,--,--,np,nn,np,nn,np,nn,np,nn,--,np,--,np,nn,np,nn,--,--,np,--,nn,nn,nn,--,np,--,--,np,np,--,nn,nn,nn,--,nn,--,np,--,--,nn,--,--,--,nn,--,--,np,np,--,np,--
*_SCFLD293_0128195,<lmxll>,1,1,ll,--,ll,--,--,--,ll,--,--,ll,--,--,--,lm,--,ll,ll,ll,lm,ll,--,ll,--,--,--,--,ll,--,--,--,--,--,--,lm,lm,ll,--,--,lm,--,lm,ll,lm,ll,lm,ll,lm,--,ll,lm,lm,lm,--,--,ll,ll,--,--,ll,ll,ll,ll,ll,--,ll,ll,lm,--,--,--,--,ll,--,--,--,--,--,ll,--,--,--,--,lm,lm,--,lm,lm,ll,--,--
*_SCFLD297_0012296,<lmxll>,0,0,ll,lm,lm,ll,ll,lm,ll,ll,lm,lm,lm,ll,lm,ll,ll,lm,lm,lm,lm,ll,ll,lm,ll,lm,lm,ll,ll,lm,ll,ll,ll,lm,ll,ll,lm,ll,ll,lm,ll,ll,lm,ll,lm,ll,ll,lm,ll,ll,lm,lm,lm,lm,ll,ll,lm,lm,lm,lm,ll,ll,ll,lm,ll,ll,ll,lm,lm,ll,lm,lm,ll,lm,ll,ll,lm,ll,lm,lm,lm,ll,lm,ll,ll,ll,lm,lm,lm,lm,lm,lm
*_SCFLD297_0163452,<nnxnp>,1,1,nn,np,np,nn,nn,np,nn,nn,np,np,np,nn,np,nn,nn,np,np,np,np,nn,nn,np,nn,np,np,nn,nn,np,nn,nn,nn,np,nn,nn,np,nn,nn,np,nn,nn,np,nn,np,nn,nn,np,nn,nn,np,np,np,np,nn,nn,np,np,np,np,nn,nn,nn,np,nn,nn,nn,np,np,nn,np,np,nn,np,nn,nn,np,nn,np,np,np,nn,np,nn,nn,nn,np,np,np,np,np,np
*_SCFLD297_0285613,<nnxnp>,1,1,np,np,nn,nn,nn,np,np,nn,nn,np,np,nn,np,nn,nn,np,np,nn,np,np,np,np,nn,nn,nn,np,np,np,nn,nn,nn,np,nn,nn,np,np,nn,nn,np,nn,np,nn,np,nn,nn,np,nn,np,nn,np,np,np,np,nn,np,np,nn,np,nn,np,np,np,nn,np,nn,np,np,np,nn,np,np,nn,nn,np,nn,nn,np,nn,nn,nn,nn,nn,np,nn,nn,np,np,nn,np,np
*_SCFLD297_0415162,<hkxhk>,1,1,hh,hk,hk,hh,hh,hk,hh,hh,hk,hk,hk,hh,hk,hh,hh,hk,hk,hk,hk,hh,hh,hk,hh,hk,hk,hh,hh,hk,hh,hh,hh,hk,hh,hh,hk,hk,hh,hk,hh,hh,hk,hh,hk,hh,hh,hk,hh,hh,hk,hk,hk,hk,hh,hh,hk,hk,hk,hk,hh,hh,hh,hk,hh,hh,hh,hk,hk,hh,hk,hk,hh,hk,hh,hh,hk,hh,hh,hk,hk,hh,hk,hh,hh,hh,hk,hk,hk,hk,hk,hk
*_SCFLD297_0530121,<nnxnp>,1,1,np,np,nn,nn,nn,np,np,nn,nn,np,np,nn,np,nn,nn,np,np,nn,np,np,np,np,nn,nn,nn,np,np,np,nn,nn,nn,np,nn,nn,np,np,nn,nn,np,nn,np,nn,np,nn,nn,np,nn,np,nn,np,np,np,np,nn,np,np,nn,np,nn,np,np,np,nn,np,nn,np,np,np,nn,np,np,nn,nn,np,nn,nn,np,nn,nn,nn,nn,nn,np,nn,nn,np,np,nn,np,np
*_SCFLD297_0976128,<hkxhk>,1,1,kk,kk,hk,hk,hk,kk,kk,hk,hk,kk,kk,hk,kk,hk,hk,kk,kk,hk,kk,kk,kk,kk,hk,hk,hk,kk,kk,kk,hk,hk,hk,kk,hk,hk,kk,kk,hk,hk,kk,hk,kk,hk,kk,hk,hk,kk,hk,kk,hk,kk,kk,kk,kk,hk,kk,kk,hk,kk,hk,kk,kk,kk,hk,kk,hk,kk,kk,kk,hk,kk,kk,hk,hk,kk,hk,hk,kk,hk,hk,hk,hk,hk,kk,hk,hk,kk,kk,hk,kk,kk
*_SCFLD297_1232323,<lmxll>,1,1,lm,ll,ll,lm,lm,ll,lm,lm,ll,ll,ll,lm,ll,lm,lm,ll,ll,ll,ll,lm,lm,ll,lm,ll,ll,lm,lm,ll,lm,lm,lm,ll,lm,lm,ll,ll,lm,ll,lm,lm,ll,lm,ll,lm,lm,ll,lm,lm,ll,ll,ll,ll,lm,lm,ll,ll,ll,ll,lm,lm,lm,ll,lm,lm,lm,ll,ll,lm,ll,ll,lm,ll,lm,lm,ll,lm,lm,ll,ll,lm,ll,lm,lm,lm,ll,ll,ll,ll,ll,ll
*_SCFLD297_1232343,<hkxhk>,1,1,hk,hk,kk,kk,kk,hk,hk,kk,kk,hk,hk,kk,hk,kk,kk,hk,hk,kk,hk,hk,hk,hk,kk,kk,kk,hk,hk,hk,kk,kk,kk,hk,kk,kk,hk,hk,kk,kk,hk,kk,hk,kk,hk,kk,kk,hk,kk,hk,kk,hk,hk,hk,hk,kk,hk,hk,kk,hk,kk,hk,hk,hk,kk,hk,kk,hk,hk,hk,kk,hk,hk,kk,kk,hk,kk,kk,hk,kk,kk,kk,kk,kk,hk,kk,kk,hk,hk,kk,hk,hk
*_SCFLD297_1232366,<nnxnp>,1,1,--,np,--,--,--,--,nn,np,--,np,--,np,--,np,np,np,np,nn,np,--,nn,np,np,--,--,nn,--,--,--,--,np,np,--,--,np,np,--,nn,--,--,np,np,--,np,np,np,np,nn,--,np,--,--,nn,np,--,np,--,--,np,nn,nn,np,np,nn,--,np,np,nn,nn,--,nn,nn,--,--,--,np,nn,nn,nn,--,nn,--,nn,np,nn,--,np,nn,np,--
*_SCFLD297_1236392,<nnxnp>,1,1,--,np,nn,--,--,--,nn,np,nn,--,np,--,--,np,--,--,np,nn,np,nn,nn,np,--,--,nn,nn,nn,np,--,--,np,--,--,--,np,np,np,nn,--,--,np,np,np,--,np,nn,--,nn,nn,np,np,np,nn,np,np,np,--,--,np,nn,nn,np,np,nn,--,np,np,nn,nn,--,nn,nn,np,--,--,np,nn,nn,nn,np,nn,--,--,--,nn,--,np,--,--,--
*_SCFLD297_1284687,<nnxnp>,1,1,np,np,nn,nn,nn,np,np,nn,nn,np,np,nn,np,nn,nn,np,np,nn,np,np,np,np,nn,nn,nn,np,np,np,nn,nn,nn,np,nn,nn,np,np,nn,nn,np,nn,np,nn,np,nn,nn,np,nn,np,nn,np,np,np,np,nn,np,np,nn,np,nn,np,np,np,nn,np,nn,np,np,np,nn,np,np,nn,nn,np,nn,nn,np,nn,nn,nn,nn,nn,np,nn,nn,np,np,nn,np,np
*_SCFLD297_1284719,<hkxhk>,0,0,hk,hh,hh,hk,hk,hh,hk,hk,hh,hh,hh,hk,hh,hk,hk,hh,hh,hh,hh,hk,hk,hh,hk,hh,hh,hk,hk,hh,hk,hk,hk,hh,hk,hk,hh,hh,hk,hh,hk,hk,hh,hk,hh,hk,hk,hh,hk,hk,hh,hh,hh,hh,hk,hk,hh,hh,hh,hh,hk,hk,hk,hh,hk,hk,hk,hh,hh,hk,hh,hh,hk,hh,hk,hk,hh,hk,hk,hh,hh,hk,hh,hk,hk,hk,hh,hh,hh,hh,hh,hh
*_SCFLD297_1323667,<lmxll>,1,0,lm,ll,ll,lm,lm,ll,lm,lm,ll,ll,ll,lm,ll,lm,lm,ll,ll,ll,ll,lm,lm,ll,lm,ll,ll,lm,lm,ll,lm,lm,lm,ll,lm,lm,ll,ll,lm,ll,lm,lm,ll,lm,ll,lm,lm,ll,lm,lm,ll,ll,ll,ll,lm,lm,ll,ll,ll,ll,lm,lm,lm,ll,lm,lm,lm,ll,ll,lm,ll,ll,lm,ll,lm,lm,ll,lm,lm,ll,ll,lm,ll,lm,lm,lm,ll,ll,ll,ll,ll,ll
*_SCFLD297_1610029,<nnxnp>,0,0,np,nn,nn,np,np,nn,np,np,nn,nn,nn,np,nn,np,np,nn,nn,nn,nn,np,np,nn,np,nn,nn,np,np,nn,np,np,np,nn,np,np,nn,nn,np,nn,np,np,nn,np,nn,np,np,nn,np,np,nn,nn,nn,nn,np,np,nn,nn,nn,nn,np,np,np,nn,np,np,np,nn,nn,np,nn,nn,np,nn,np,np,nn,np,np,np,nn,np,nn,np,np,np,nn,nn,nn,nn,nn,nn
*_SCFLD297_1651008,<nnxnp>,0,0,np,nn,nn,np,np,nn,np,np,nn,nn,nn,np,nn,np,np,nn,nn,nn,nn,np,np,nn,np,nn,nn,np,np,nn,np,np,np,nn,np,np,nn,nn,np,nn,np,np,nn,np,nn,np,np,nn,np,np,nn,nn,nn,nn,np,np,nn,nn,nn,nn,np,np,np,nn,np,np,np,nn,nn,np,nn,nn,np,nn,np,np,nn,np,np,np,nn,np,nn,np,np,np,nn,nn,nn,nn,nn,nn
*_SCFLD297_1669925,<nnxnp>,1,1,np,nn,nn,np,np,nn,np,np,nn,nn,nn,np,nn,np,np,nn,nn,nn,nn,np,np,nn,np,nn,nn,np,np,nn,np,np,np,nn,np,np,nn,nn,np,nn,np,np,nn,np,nn,np,np,nn,np,np,nn,nn,nn,nn,np,np,nn,nn,nn,nn,np,np,np,nn,np,np,np,nn,nn,np,nn,nn,np,nn,np,np,nn,np,np,np,nn,np,nn,np,np,np,nn,nn,nn,nn,nn,nn
*_SCFLD297_1700127,<lmxll>,0,0,ll,lm,lm,ll,ll,lm,ll,ll,lm,lm,lm,ll,lm,ll,ll,lm,lm,lm,lm,ll,ll,lm,ll,lm,lm,ll,ll,lm,ll,ll,ll,lm,ll,ll,lm,lm,ll,lm,ll,ll,lm,ll,lm,ll,ll,lm,ll,ll,lm,lm,lm,lm,ll,ll,lm,lm,lm,lm,ll,ll,ll,lm,ll,ll,ll,lm,lm,ll,lm,lm,ll,lm,ll,ll,lm,ll,ll,ll,lm,ll,lm,ll,ll,ll,lm,lm,lm,lm,lm,lm
*_SCFLD297_1725089,<lmxll>,0,0,lm,ll,ll,lm,lm,ll,lm,lm,ll,ll,ll,lm,ll,lm,lm,ll,ll,ll,ll,lm,lm,ll,lm,ll,ll,lm,lm,ll,lm,lm,lm,ll,lm,lm,ll,ll,lm,ll,lm,lm,ll,lm,ll,lm,lm,ll,lm,lm,ll,ll,ll,ll,lm,lm,ll,ll,ll,ll,lm,lm,lm,ll,lm,lm,lm,ll,ll,lm,ll,ll,lm,ll,lm,lm,ll,lm,lm,lm,ll,lm,ll,lm,lm,lm,ll,ll,ll,ll,ll,ll
*_SCFLD297_1823751,<lmxll>,0,0,--,ll,--,--,--,--,ll,--,ll,--,--,lm,--,lm,--,lm,lm,ll,lm,ll,--,lm,--,--,ll,ll,ll,lm,--,--,lm,--,lm,lm,lm,lm,--,ll,--,--,lm,--,--,lm,lm,lm,lm,ll,ll,lm,lm,--,ll,--,--,lm,--,--,lm,ll,ll,lm,--,ll,lm,lm,--,--,ll,lm,ll,ll,--,--,--,lm,--,--,ll,lm,ll,--,ll,lm,ll,--,lm,--,lm,lm
*_SCFLD297_1832999,<hkxhk>,0,0,--,--,--,--,hk,hk,kk,hk,hh,hk,--,hk,hk,hk,hk,hk,--,hh,--,kk,--,--,--,--,hh,--,kk,hk,hk,--,--,hk,--,--,--,--,hk,hh,--,--,hk,kk,hk,hk,hk,hk,hk,kk,hh,hk,--,hk,kk,hk,hk,hk,--,--,hk,kk,kk,--,hk,kk,hk,--,--,kk,hh,--,kk,hh,--,--,--,hk,kk,hk,--,hk,hh,--,kk,--,--,--,hk,hh,--,--
*_SCFLD297_2010361,<nnxnp>,0,0,np,np,nn,nn,nn,np,np,nn,nn,np,np,nn,np,nn,nn,np,np,nn,np,np,np,np,nn,nn,nn,np,np,np,nn,nn,nn,np,nn,nn,np,np,nn,nn,np,nn,np,np,np,nn,nn,np,nn,np,nn,np,np,np,np,nn,np,np,nn,np,nn,np,np,np,nn,np,nn,np,np,np,nn,np,np,nn,nn,np,nn,nn,np,nn,nn,nn,nn,nn,np,nn,nn,np,np,nn,np,np
*_SCFLD297_2173395,<hkxhk>,0,0,hk,hk,hh,hh,hh,hk,hk,hh,hh,hk,hk,hh,hk,hh,hh,hk,hk,hh,hk,hk,hk,hk,hh,hh,hh,hk,hk,hk,hh,hh,hh,hk,hh,hh,hk,hk,hh,hh,hk,hh,hk,hk,hk,hh,hh,hk,hh,hk,hh,hk,hk,hk,hk,hh,hk,hk,hh,hk,hh,hk,hk,hk,hh,hk,hh,hk,hk,hk,hh,hk,hk,hh,hh,hk,hh,hh,hk,hh,hh,hh,hh,hh,hk,hh,hh,hk,hk,hh,hk,hk
*_SCFLD297_2222015,<lmxll>,0,0,lm,ll,ll,lm,lm,ll,lm,lm,ll,ll,ll,lm,ll,lm,lm,ll,ll,ll,ll,lm,lm,ll,lm,ll,ll,lm,lm,ll,lm,lm,lm,ll,lm,lm,ll,ll,lm,ll,lm,lm,ll,lm,ll,lm,lm,ll,lm,lm,ll,ll,ll,ll,lm,lm,ll,ll,ll,ll,lm,lm,lm,ll,lm,lm,lm,ll,ll,lm,ll,ll,lm,ll,lm,lm,ll,lm,lm,lm,ll,lm,ll,lm,lm,lm,ll,ll,ll,ll,ll,ll
*_SCFLD297_2312922,<lmxll>,0,0,lm,ll,ll,lm,lm,ll,lm,lm,ll,ll,ll,lm,ll,lm,lm,ll,ll,ll,ll,lm,lm,ll,lm,ll,ll,lm,lm,ll,lm,lm,lm,ll,lm,lm,ll,ll,lm,ll,lm,lm,ll,lm,ll,lm,lm,ll,lm,lm,ll,ll,ll,ll,lm,lm,ll,ll,ll,ll,lm,lm,lm,ll,lm,lm,lm,ll,ll,lm,ll,ll,lm,ll,lm,lm,ll,lm,lm,lm,ll,lm,ll,lm,lm,lm,ll,ll,ll,ll,ll,ll
*_SCFLD297_2540639,<lmxll>,1,1,--,lm,ll,--,--,--,--,lm,--,lm,lm,lm,--,lm,--,--,--,ll,--,ll,ll,lm,lm,--,ll,ll,--,lm,lm,--,lm,--,lm,lm,lm,lm,lm,--,--,--,--,ll,lm,--,lm,--,lm,--,ll,lm,lm,--,--,lm,lm,--,--,--,lm,ll,ll,lm,lm,--,--,lm,lm,--,ll,lm,ll,ll,--,ll,--,ll,--,--,ll,lm,ll,--,ll,--,ll,--,lm,--,lm,lm
*_SCFLD297_2540645,<nnxnp>,1,1,np,np,nn,nn,nn,np,np,nn,nn,np,np,nn,np,nn,nn,np,np,nn,np,np,np,np,nn,nn,nn,np,np,np,nn,nn,nn,np,nn,nn,np,np,nn,nn,np,nn,np,np,np,nn,nn,np,nn,np,nn,np,np,np,np,nn,np,np,nn,np,nn,np,np,np,nn,np,nn,np,np,np,nn,np,np,nn,nn,np,nn,nn,np,nn,nn,nn,nn,nn,np,nn,nn,np,np,nn,np,np
*_SCFLD297_2739510,<lmxll>,0,0,lm,lm,ll,ll,ll,lm,lm,ll,ll,lm,lm,ll,lm,ll,ll,lm,lm,ll,lm,lm,lm,lm,ll,ll,ll,lm,lm,lm,ll,ll,ll,lm,ll,ll,lm,lm,ll,ll,lm,ll,lm,lm,lm,ll,ll,lm,ll,lm,ll,lm,lm,lm,lm,ll,lm,lm,ll,lm,ll,lm,lm,lm,ll,lm,ll,lm,lm,lm,ll,lm,lm,ll,ll,lm,ll,ll,lm,ll,ll,ll,ll,ll,lm,ll,ll,lm,lm,ll,lm,lm
*_SCFLD297_3150484,<lmxll>,0,0,ll,lm,lm,ll,ll,lm,ll,ll,lm,lm,lm,ll,lm,ll,ll,lm,lm,lm,lm,ll,ll,lm,ll,lm,lm,ll,ll,lm,ll,ll,ll,lm,ll,ll,lm,lm,ll,lm,ll,ll,lm,ll,lm,ll,ll,lm,ll,ll,lm,lm,lm,lm,ll,ll,lm,lm,lm,lm,ll,ll,ll,lm,ll,ll,ll,lm,lm,ll,lm,lm,ll,lm,ll,ll,lm,ll,ll,ll,lm,ll,lm,ll,ll,ll,lm,lm,lm,lm,lm,lm
*_SCFLD297_3220004,<lmxll>,0,0,--,--,ll,--,lm,--,--,lm,--,lm,--,lm,--,lm,--,--,--,ll,lm,--,ll,lm,lm,--,ll,ll,ll,lm,lm,lm,--,--,lm,--,lm,--,lm,ll,--,--,--,ll,lm,lm,lm,--,lm,--,ll,--,lm,--,ll,lm,lm,--,--,lm,lm,--,ll,lm,lm,ll,lm,lm,--,ll,--,--,ll,ll,lm,--,--,--,ll,--,ll,--,ll,--,--,lm,ll,--,lm,ll,lm,lm
*_SCFLD297_3535965,<nnxnp>,0,0,nn,np,np,nn,nn,np,nn,nn,np,np,np,nn,np,nn,nn,np,np,np,np,nn,nn,np,nn,np,np,nn,nn,np,nn,nn,nn,np,nn,nn,np,np,nn,np,nn,nn,np,nn,np,nn,nn,np,nn,nn,np,np,np,np,nn,nn,np,np,np,np,nn,nn,nn,np,nn,nn,nn,np,np,nn,np,np,nn,np,nn,nn,np,nn,nn,nn,np,nn,np,nn,nn,nn,np,np,np,np,np,np
*_SCFLD297_3575766,<nnxnp>,0,0,nn,np,np,nn,nn,np,nn,nn,np,np,np,nn,np,nn,nn,np,np,np,np,nn,nn,np,nn,np,np,nn,nn,np,nn,nn,nn,np,nn,nn,np,np,nn,np,nn,nn,np,nn,np,nn,nn,np,nn,nn,np,np,np,np,nn,nn,np,nn,np,np,nn,nn,nn,np,nn,nn,nn,np,np,nn,np,np,nn,np,nn,nn,np,nn,nn,nn,np,nn,np,nn,nn,nn,np,np,np,np,np,np
*_SCFLD297_3575804,<hkxhk>,0,0,hk,hk,hh,hh,hh,hk,hk,hh,hh,hk,hk,hh,hk,hh,hh,hk,hk,hh,hk,hk,hk,hk,hh,hh,hh,hk,hk,hk,hh,hh,hh,hk,hh,hh,hk,hk,hh,hh,hk,hh,hk,hk,hk,hh,hh,hk,hh,hk,hh,hk,hk,hk,hk,hh,hk,hk,hh,hk,hh,hk,hk,hk,hh,hk,hh,hk,hk,hk,hh,hk,hk,hh,hh,hk,hh,hh,hk,hh,hh,hh,hh,hh,hk,hk,hh,hk,hk,hh,hk,hk
*_SCFLD460_0130940,<nnxnp>,1,1,--,nn,np,--,np,--,nn,np,--,nn,nn,--,--,np,np,--,--,np,nn,nn,--,np,np,--,np,nn,--,nn,np,--,np,--,np,np,--,--,np,np,--,--,nn,--,nn,np,np,np,np,--,--,nn,nn,nn,nn,np,nn,--,--,nn,np,nn,nn,--,np,nn,np,nn,nn,nn,np,nn,nn,np,np,--,--,np,--,nn,np,np,np,--,nn,np,--,--,nn,np,nn,--
*_SCFLD460_0155643,<nnxnp>,0,0,--,--,--,--,nn,--,np,nn,--,np,np,nn,--,nn,--,nn,--,--,np,--,np,nn,--,--,--,--,--,--,--,--,nn,--,nn,--,np,--,nn,nn,--,--,np,nn,np,nn,nn,nn,nn,np,nn,np,np,np,--,nn,np,nn,nn,np,--,--,np,np,--,np,nn,np,np,np,nn,--,np,nn,nn,--,--,nn,np,np,nn,--,--,--,np,--,nn,--,np,--,np,--
*_SCFLD484_0027720,<nnxnp>,0,0,--,--,np,--,--,--,nn,--,np,nn,--,np,nn,np,np,nn,nn,--,nn,--,nn,nn,np,--,np,nn,nn,--,np,--,--,--,np,--,nn,nn,np,--,--,--,nn,--,--,--,--,nn,np,--,--,nn,nn,nn,--,--,nn,--,--,--,np,--,nn,nn,np,--,--,--,--,nn,--,--,nn,--,--,--,--,--,nn,np,np,--,--,np,nn,--,--,--,nn,--,nn,--
*_SCFLD484_0058726,<nnxnp>,0,0,--,nn,--,--,np,nn,--,np,--,nn,nn,np,--,np,--,--,nn,--,nn,nn,nn,nn,np,--,--,nn,--,nn,--,np,np,--,--,np,nn,nn,np,--,--,--,nn,np,nn,nn,np,nn,np,--,np,nn,nn,nn,nn,--,nn,--,np,--,np,nn,--,nn,--,--,np,nn,--,--,np,--,nn,np,--,--,--,np,nn,np,np,--,np,--,--,--,np,--,nn,nn,nn,nn
*_SCFLD484_0211392,<nnxnp>,1,0,--,nn,--,--,--,--,--,np,nn,--,nn,np,--,np,--,nn,--,nn,--,--,np,nn,np,--,nn,np,--,--,np,--,--,--,--,--,nn,np,np,nn,--,--,nn,np,np,np,np,--,np,--,nn,nn,nn,nn,--,--,nn,--,--,--,np,np,np,nn,np,np,np,nn,nn,--,nn,np,np,nn,--,np,--,np,--,nn,nn,np,--,--,np,np,nn,--,--,nn,nn,nn
*_SCFLD528_0025031,<hkxhk>,1,1,--,--,--,--,hk,--,kk,hk,hk,--,--,hk,--,hk,--,kk,hk,hk,kk,kk,kk,kk,hk,--,--,kk,kk,kk,hk,hk,hk,--,--,--,kk,kk,--,hk,--,--,--,--,kk,hk,hk,kk,hk,kk,hk,kk,kk,kk,hk,hk,--,kk,--,--,hk,kk,kk,--,hk,kk,hk,--,kk,--,--,--,kk,hk,hk,--,--,hk,--,--,--,--,hk,--,kk,hk,hk,--,kk,--,kk,--
*_SCFLD549_0144180,<nnxnp>,0,0,--,nn,nn,--,np,--,np,--,--,nn,nn,np,--,np,--,nn,nn,nn,nn,--,np,nn,np,--,np,np,np,nn,--,np,np,--,np,np,nn,nn,np,nn,--,--,nn,np,nn,np,np,nn,--,--,nn,nn,nn,nn,--,np,nn,nn,--,nn,np,np,np,nn,np,--,np,nn,nn,np,nn,nn,np,nn,--,--,--,np,--,np,nn,np,--,--,np,np,--,--,nn,nn,nn,np
*_SCFLD549_0144193,<nnxnp>,0,0,--,np,nn,--,nn,--,np,--,--,np,np,nn,--,nn,--,np,np,nn,np,--,np,np,nn,--,nn,np,np,np,--,nn,nn,--,nn,nn,np,np,nn,nn,--,--,np,np,np,nn,nn,np,--,--,nn,np,np,np,--,nn,np,np,--,np,nn,np,np,np,nn,--,nn,np,np,np,nn,np,np,nn,--,--,--,nn,--,np,nn,nn,--,--,np,nn,--,--,np,nn,np,nn
*_SCFLD578_0046294,<lmxll>,0,0,--,ll,lm,--,lm,--,ll,lm,lm,ll,--,lm,--,lm,lm,--,lm,lm,ll,ll,ll,ll,lm,--,lm,ll,ll,ll,lm,lm,lm,ll,lm,lm,ll,ll,lm,lm,--,--,ll,lm,ll,lm,lm,ll,lm,ll,lm,ll,ll,ll,lm,lm,ll,ll,lm,--,lm,ll,ll,ll,lm,ll,lm,lm,ll,ll,lm,ll,ll,lm,lm,ll,lm,lm,ll,lm,lm,lm,lm,--,--,lm,lm,--,ll,ll,ll,ll
*_SCFLD587_0116273,<nnxnp>,0,0,nn,np,np,nn,nn,np,nn,np,nn,nn,nn,nn,np,nn,nn,np,nn,np,np,nn,nn,np,nn,np,nn,nn,nn,np,nn,nn,nn,np,nn,nn,np,np,nn,np,np,nn,np,nn,np,np,nn,np,nn,nn,np,np,np,np,nn,nn,np,np,np,np,np,nn,nn,np,nn,np,np,nn,np,np,nn,nn,nn,np,nn,np,nn,nn,nn,nn,np,np,nn,nn,nn,nn,np,np,np,np,nn,nn
*_SCFLD587_0173557,<hkxhk>,0,0,hh,hk,hk,hh,hh,hk,hh,hk,hh,hh,hh,hh,hk,hh,hh,hk,hh,hk,hk,hh,hh,hk,hh,hk,hh,hh,hh,hk,hh,hh,hh,hk,hh,hh,hk,hk,hh,hk,hk,hh,hk,hh,hk,hk,hh,hk,hh,hh,hk,hk,hk,hk,hh,hh,hk,hk,hk,hk,hk,hh,hh,hk,hh,hk,hk,hh,hk,hk,hh,hh,hh,hk,hh,hk,hh,hh,hh,hh,hk,hk,hh,hh,hh,hh,hk,hk,hk,hk,hh,hh
*_SCFLD587_0211504,<lmxll>,1,0,lm,ll,ll,lm,lm,ll,lm,ll,lm,lm,lm,lm,ll,lm,lm,ll,lm,ll,ll,lm,lm,ll,lm,ll,lm,lm,lm,ll,lm,lm,lm,ll,lm,lm,ll,ll,lm,ll,ll,lm,ll,lm,ll,ll,lm,ll,lm,lm,ll,ll,ll,ll,lm,lm,ll,ll,ll,ll,ll,lm,lm,ll,lm,ll,ll,lm,ll,ll,lm,lm,lm,ll,lm,ll,lm,lm,lm,lm,ll,ll,lm,lm,lm,lm,ll,ll,ll,ll,lm,lm
*_SCFLD662_0059539,<nnxnp>,1,0,--,np,nn,--,--,np,np,nn,--,np,np,nn,--,nn,--,--,nn,nn,--,--,np,np,nn,--,nn,np,np,np,nn,--,--,--,nn,--,np,np,--,--,--,--,--,--,np,nn,nn,np,nn,--,nn,np,np,np,--,--,np,np,--,--,nn,--,--,--,nn,--,nn,nn,--,np,--,np,np,nn,nn,np,--,nn,np,nn,--,nn,nn,--,--,nn,--,--,np,np,np,np
*_SCFLD693_0115177,<nnxnp>,0,0,--,--,--,--,--,--,--,np,--,--,nn,nn,--,nn,nn,--,--,np,--,nn,--,np,nn,--,nn,nn,--,--,nn,--,--,--,nn,--,np,--,--,--,np,--,np,nn,--,np,nn,np,nn,nn,np,np,np,np,nn,--,np,--,--,--,--,nn,--,--,nn,np,np,--,--,np,nn,nn,nn,np,nn,nn,--,--,nn,nn,np,--,--,--,nn,--,np,--,np,--,nn,nn
*_SCFLD1616_0019045,<lmxll>,1,1,--,--,lm,--,ll,--,--,lm,--,lm,--,ll,--,--,--,lm,lm,lm,lm,ll,ll,--,ll,--,--,ll,--,lm,ll,ll,--,--,--,ll,lm,lm,ll,lm,--,--,lm,ll,--,lm,--,--,--,--,--,lm,lm,lm,ll,--,--,lm,--,--,--,ll,--,lm,--,--,lm,ll,--,--,lm,lm,ll,--,--,--,--,ll,--,--,--,--,ll,--,--,ll,lm,--,lm,--,lm,--
*_SCFLD2228_0013161,<lmxll>,0,0,--,ll,ll,--,--,--,--,--,--,lm,--,lm,--,lm,--,ll,--,ll,--,--,--,--,--,--,--,lm,lm,ll,--,lm,--,--,lm,--,ll,--,--,--,--,--,ll,--,ll,ll,--,ll,--,--,--,ll,ll,ll,lm,--,ll,ll,--,--,ll,lm,--,--,--,--,--,lm,ll,ll,lm,--,lm,ll,lm,--,--,--,lm,lm,ll,--,lm,--,lm,--,ll,--,ll,--,lm,lm
*_SCFLD2331_0003037,<lmxll>,1,1,--,--,lm,--,ll,lm,--,--,--,lm,--,ll,lm,ll,--,lm,lm,--,--,ll,ll,lm,ll,--,--,ll,--,--,ll,ll,ll,--,--,ll,lm,lm,--,--,--,--,lm,ll,lm,--,--,lm,ll,--,lm,lm,--,--,ll,--,lm,--,--,--,ll,ll,ll,lm,--,ll,ll,--,--,ll,lm,--,ll,lm,ll,--,--,--,ll,ll,lm,--,--,--,ll,--,lm,--,lm,--,--,--
*_SCFLD7330_0001420,<nnxnp>,0,0,--,--,nn,--,np,--,nn,--,nn,np,nn,--,--,np,--,--,np,nn,--,nn,nn,nn,np,--,np,nn,nn,--,np,--,np,--,np,np,np,np,np,--,--,--,np,nn,np,nn,--,nn,np,nn,--,np,np,np,nn,np,np,nn,--,--,nn,--,--,np,np,nn,--,nn,--,nn,nn,np,nn,nn,--,--,--,np,--,nn,nn,--,--,--,--,--,nn,np,np,--,nn,--
*_SCFLD7330_0001508,<lmxll>,1,1,--,--,--,--,ll,--,--,lm,--,--,--,--,--,ll,--,lm,lm,--,lm,--,--,lm,ll,--,--,ll,--,--,--,ll,ll,--,--,ll,lm,--,ll,lm,--,ll,lm,ll,lm,lm,ll,lm,ll,ll,lm,lm,lm,--,ll,--,--,--,--,lm,lm,ll,--,--,ll,--,--,ll,lm,ll,--,--,--,lm,ll,--,--,--,ll,ll,--,lm,ll,--,ll,--,--,--,lm,lm,--,--
*_SCFLD9866_0235696,<nnxnp>,1,0,nn,np,np,nn,nn,np,nn,np,nn,nn,nn,nn,np,nn,nn,np,nn,np,np,nn,nn,np,nn,np,nn,nn,nn,np,nn,nn,nn,np,nn,nn,np,np,nn,np,np,nn,np,nn,np,np,nn,np,nn,nn,np,np,np,np,nn,nn,np,np,np,np,np,nn,nn,np,nn,np,np,nn,np,np,nn,nn,nn,np,nn,np,np,nn,nn,nn,np,np,nn,nn,nn,nn,np,np,np,np,nn,nn
*_SCFLD9866_0278568,<nnxnp>,0,0,--,--,np,--,nn,--,np,--,nn,nn,--,nn,--,nn,--,--,np,--,nn,np,--,--,nn,--,np,--,np,--,--,nn,nn,--,nn,nn,--,np,nn,--,--,--,np,np,--,--,--,np,nn,--,nn,nn,nn,nn,--,nn,--,np,--,--,np,np,--,--,--,nn,np,np,np,nn,nn,--,--,np,np,nn,--,nn,np,--,np,--,nn,--,np,np,--,--,nn,--,nn,nn
*_SCFLD9866_0332503,<lmxll>,1,0,ll,lm,lm,ll,ll,lm,ll,lm,ll,ll,ll,ll,lm,ll,ll,lm,ll,lm,lm,ll,ll,lm,ll,lm,ll,ll,ll,lm,ll,ll,ll,lm,ll,ll,lm,lm,ll,lm,lm,ll,lm,ll,lm,lm,ll,lm,ll,ll,lm,lm,lm,lm,ll,ll,lm,lm,lm,lm,lm,ll,ll,lm,ll,lm,lm,ll,lm,lm,ll,ll,ll,lm,ll,lm,lm,ll,ll,ll,lm,lm,ll,ll,ll,ll,lm,lm,lm,lm,ll,ll
*_SCFLD9866_0937996,<nnxnp>,0,0,nn,np,np,nn,nn,np,nn,np,nn,nn,nn,nn,np,nn,nn,np,nn,np,np,nn,nn,np,nn,np,nn,nn,nn,np,nn,nn,nn,np,nn,nn,np,np,nn,np,np,nn,np,nn,np,np,nn,np,nn,nn,np,np,np,np,nn,nn,np,np,np,np,np,nn,nn,np,nn,np,np,nn,np,np,nn,nn,nn,np,nn,np,np,nn,nn,nn,np,np,nn,nn,nn,nn,np,np,np,np,nn,nn
*_SCFLD9866_1154823,<nnxnp>,1,1,np,np,nn,nn,nn,nn,np,nn,nn,nn,nn,nn,nn,nn,nn,nn,np,nn,np,np,np,nn,nn,nn,np,nn,np,np,np,nn,nn,np,nn,nn,np,nn,nn,nn,np,nn,nn,np,np,nn,nn,nn,nn,np,nn,np,np,np,np,nn,nn,nn,nn,nn,nn,np,np,nn,np,np,nn,np,nn,np,nn,np,np,nn,nn,np,np,nn,np,np,nn,nn,nn,nn,nn,np,nn,np,np,nn,nn,nn
*_SCFLD9866_1212714,<lmxll>,1,0,lm,lm,ll,ll,ll,ll,lm,ll,ll,ll,ll,ll,ll,ll,ll,ll,lm,ll,lm,lm,lm,ll,ll,ll,lm,ll,lm,lm,lm,ll,ll,lm,ll,ll,lm,ll,ll,ll,lm,ll,ll,lm,lm,ll,ll,ll,ll,lm,ll,lm,lm,lm,lm,ll,ll,ll,ll,ll,ll,lm,lm,ll,lm,lm,ll,lm,ll,lm,ll,lm,lm,ll,ll,lm,lm,ll,lm,lm,ll,ll,ll,ll,lm,lm,ll,lm,lm,ll,ll,ll
*_SCFLD9866_1374108,<hkxhk>,0,0,hh,hk,hk,hh,hh,hk,hh,hk,hh,hh,hh,hh,hk,hh,hh,hk,hh,hk,hk,hh,hh,hk,hh,hk,hh,hh,hh,hk,hh,hh,hh,hk,hh,hh,hk,hk,hh,hk,hk,hh,hk,hh,hk,hk,hh,hk,hh,hh,hk,hk,hk,hk,hh,hh,hk,hk,hk,hk,hk,hh,hh,hk,hh,hk,hk,hh,hk,hk,hh,hh,hh,hk,hh,hk,hk,hh,hh,hh,hk,hk,hh,hh,hh,hh,hk,hk,hk,hk,hh,hh
*_SCFLD9866_1453742,<lmxll>,0,0,ll,lm,lm,ll,ll,lm,ll,lm,ll,ll,ll,ll,lm,ll,ll,lm,ll,lm,lm,ll,ll,lm,ll,lm,ll,ll,ll,lm,ll,ll,ll,lm,ll,ll,lm,lm,ll,lm,lm,ll,lm,ll,lm,lm,ll,lm,ll,ll,lm,lm,lm,lm,ll,ll,lm,lm,lm,lm,lm,ll,ll,lm,ll,lm,lm,ll,lm,lm,ll,ll,ll,lm,ll,lm,lm,ll,ll,ll,lm,lm,ll,ll,ll,ll,lm,lm,lm,lm,ll,ll
*_SCFLD9866_1500127,<lmxll>,1,1,ll,lm,lm,ll,ll,lm,ll,lm,ll,ll,ll,ll,lm,ll,ll,lm,ll,lm,lm,ll,ll,lm,ll,lm,ll,ll,ll,lm,ll,ll,ll,lm,ll,ll,lm,lm,ll,lm,lm,ll,lm,ll,lm,lm,ll,lm,ll,ll,lm,lm,lm,lm,ll,ll,lm,lm,lm,lm,lm,ll,ll,lm,ll,lm,lm,ll,lm,lm,ll,ll,ll,lm,ll,lm,lm,ll,ll,ll,lm,lm,ll,ll,ll,ll,lm,lm,lm,lm,ll,ll
*_SCFLD9866_1509938,<nnxnp>,1,0,nn,np,np,nn,nn,np,nn,np,nn,nn,nn,nn,np,nn,nn,np,nn,np,np,nn,nn,np,nn,np,nn,nn,nn,np,nn,nn,nn,np,nn,nn,np,np,nn,np,np,nn,np,nn,np,np,nn,np,nn,nn,np,np,np,np,nn,nn,np,np,np,np,np,nn,nn,np,nn,np,np,nn,np,np,nn,nn,nn,np,nn,np,np,nn,nn,nn,np,np,nn,nn,nn,nn,np,np,np,np,nn,nn
*_SCFLD9866_1546003,<lmxll>,0,0,ll,lm,lm,ll,ll,lm,ll,lm,ll,ll,ll,ll,lm,ll,ll,lm,ll,lm,lm,ll,ll,lm,ll,lm,ll,ll,ll,lm,ll,ll,ll,lm,ll,ll,lm,lm,ll,lm,lm,ll,lm,ll,lm,lm,ll,lm,ll,ll,lm,lm,lm,lm,ll,ll,lm,lm,lm,lm,lm,ll,ll,lm,ll,lm,lm,ll,lm,lm,ll,ll,ll,lm,ll,lm,lm,ll,ll,ll,lm,lm,ll,ll,ll,ll,lm,lm,lm,lm,ll,ll
*_SCFLD9866_1594245,<nnxnp>,0,0,np,nn,--,--,nn,--,np,np,--,nn,--,nn,--,nn,--,np,np,np,nn,np,np,np,nn,--,np,nn,np,nn,np,nn,nn,nn,nn,--,nn,np,nn,np,nn,--,np,np,nn,--,nn,np,nn,np,np,nn,nn,nn,np,nn,np,np,--,--,np,np,np,np,np,nn,np,np,np,nn,--,np,np,np,nn,nn,--,nn,np,np,--,np,--,--,np,np,np,--,--,np,nn,--
*_SCFLD9866_1646246,<lmxll>,0,0,ll,lm,lm,ll,ll,lm,ll,lm,ll,ll,ll,ll,lm,ll,ll,lm,ll,lm,lm,ll,ll,lm,ll,lm,ll,ll,ll,lm,ll,ll,ll,lm,ll,ll,lm,lm,ll,lm,lm,ll,lm,ll,lm,lm,ll,lm,ll,ll,lm,lm,lm,lm,ll,ll,lm,lm,lm,lm,lm,ll,ll,lm,ll,lm,lm,ll,lm,lm,ll,ll,ll,lm,ll,lm,lm,ll,ll,ll,lm,lm,ll,ll,ll,ll,lm,lm,lm,lm,ll,ll
*_SCFLD9866_1857795,<nnxnp>,0,0,np,nn,nn,np,np,nn,np,nn,np,np,np,np,nn,np,np,nn,np,nn,nn,np,np,nn,np,nn,np,np,np,nn,np,np,np,nn,np,np,nn,nn,np,nn,nn,np,nn,np,nn,nn,np,nn,np,np,nn,nn,nn,nn,np,np,nn,nn,nn,nn,nn,np,np,nn,np,nn,nn,np,nn,nn,np,np,np,nn,np,nn,nn,np,np,np,nn,nn,np,np,np,np,nn,nn,nn,nn,np,np
*_SCFLD9866_2008401,<lmxll>,0,0,lm,lm,ll,ll,ll,ll,lm,ll,ll,ll,ll,ll,ll,ll,ll,ll,lm,ll,lm,lm,lm,ll,ll,ll,lm,ll,lm,lm,lm,ll,ll,lm,ll,ll,lm,ll,ll,ll,lm,ll,ll,lm,lm,ll,ll,ll,ll,lm,ll,lm,lm,lm,lm,ll,ll,ll,ll,ll,ll,lm,lm,ll,lm,lm,ll,lm,ll,lm,ll,lm,lm,ll,ll,lm,lm,ll,lm,lm,ll,ll,ll,ll,lm,lm,ll,lm,lm,ll,ll,ll
*_SCFLD9866_2008423,<lmxll>,0,0,--,--,ll,--,lm,--,ll,ll,lm,lm,--,--,--,lm,--,ll,ll,ll,--,ll,ll,ll,lm,--,--,lm,ll,lm,ll,lm,lm,--,lm,lm,--,ll,lm,ll,--,--,ll,ll,lm,--,lm,ll,lm,ll,--,lm,--,lm,ll,lm,--,--,--,ll,ll,ll,ll,ll,--,lm,ll,ll,--,lm,lm,--,ll,ll,--,--,--,lm,--,--,--,ll,lm,--,ll,ll,--,--,lm,ll,lm,lm
*_SCFLD9866_2008428,<nnxnp>,1,1,np,nn,nn,np,np,nn,np,nn,np,np,np,np,nn,np,np,nn,np,nn,nn,np,np,nn,np,nn,np,np,np,nn,np,np,np,nn,np,np,nn,nn,np,nn,nn,np,nn,np,nn,nn,np,nn,np,np,nn,nn,nn,nn,np,np,nn,nn,nn,nn,nn,np,np,nn,np,nn,nn,np,nn,nn,np,np,np,nn,np,nn,nn,np,np,np,nn,nn,np,np,np,np,nn,nn,nn,nn,np,np
*_SCFLD9866_2270064,<lmxll>,1,1,ll,lm,lm,ll,ll,lm,ll,lm,ll,ll,ll,ll,lm,ll,ll,lm,ll,lm,lm,ll,ll,lm,ll,lm,ll,ll,ll,lm,ll,ll,ll,lm,ll,ll,lm,lm,ll,lm,lm,ll,lm,ll,lm,lm,ll,lm,ll,ll,lm,lm,lm,lm,ll,ll,lm,lm,lm,lm,lm,ll,ll,lm,ll,lm,lm,ll,lm,lm,ll,ll,ll,lm,ll,lm,lm,ll,ll,ll,lm,lm,ll,ll,ll,ll,lm,lm,lm,lm,ll,ll
*_SCFLD9866_2593779,<lmxll>,0,0,lm,lm,ll,ll,ll,ll,lm,ll,ll,ll,ll,ll,ll,ll,ll,ll,lm,lm,lm,lm,lm,ll,ll,ll,lm,ll,lm,lm,lm,ll,ll,lm,ll,ll,lm,ll,ll,ll,lm,ll,ll,lm,lm,ll,ll,ll,ll,lm,ll,lm,lm,lm,lm,ll,ll,ll,ll,lm,ll,lm,lm,ll,lm,lm,ll,lm,lm,lm,ll,lm,lm,ll,ll,lm,lm,ll,lm,lm,ll,ll,ll,ll,lm,ll,ll,lm,lm,ll,ll,ll
*_SCFLD9866_2654046,<nnxnp>,1,0,nn,np,np,nn,nn,np,nn,np,nn,nn,nn,nn,np,nn,nn,np,nn,np,np,nn,nn,np,nn,np,nn,nn,nn,np,nn,nn,nn,np,nn,nn,np,np,nn,np,np,nn,np,nn,np,np,nn,np,nn,nn,np,np,np,np,nn,nn,np,np,np,np,np,nn,nn,np,nn,np,np,nn,np,np,nn,nn,nn,np,nn,np,np,nn,nn,nn,np,np,nn,nn,nn,nn,np,np,np,np,nn,nn
*_SCFLD9870_0144635,<nnxnp>,0,0,nn,nn,np,np,np,nn,nn,np,np,nn,nn,np,nn,np,np,nn,np,np,nn,nn,nn,nn,np,np,np,nn,nn,nn,np,np,np,nn,np,np,nn,nn,np,np,nn,nn,nn,np,np,np,np,nn,np,nn,np,nn,nn,nn,np,np,nn,nn,np,nn,np,nn,nn,nn,np,nn,np,np,nn,nn,np,nn,nn,np,np,nn,np,np,nn,np,np,np,np,np,nn,np,np,nn,nn,nn,nn,nn
*_SCFLD9870_0201626,<nnxnp>,0,0,nn,nn,np,np,np,nn,nn,np,np,nn,nn,np,nn,np,np,nn,np,np,nn,nn,nn,nn,np,np,np,nn,nn,nn,np,np,np,nn,np,np,nn,nn,np,np,nn,nn,nn,np,np,np,np,nn,np,nn,np,nn,nn,nn,np,np,nn,nn,np,nn,np,nn,nn,nn,np,nn,np,np,nn,nn,np,nn,nn,np,np,nn,np,np,nn,np,np,np,np,np,nn,np,np,nn,nn,nn,nn,nn
*_SCFLD9870_0206118,<lmxll>,1,0,ll,ll,lm,lm,lm,ll,ll,lm,lm,ll,ll,lm,ll,lm,lm,ll,lm,lm,ll,ll,ll,ll,lm,lm,lm,ll,ll,ll,lm,lm,lm,ll,lm,lm,ll,ll,lm,lm,ll,ll,ll,lm,lm,lm,lm,ll,lm,ll,lm,ll,ll,ll,lm,lm,ll,ll,lm,ll,lm,ll,ll,ll,lm,ll,lm,lm,ll,ll,lm,ll,ll,lm,lm,ll,lm,lm,ll,lm,lm,lm,lm,lm,ll,lm,lm,ll,ll,ll,ll,ll
*_SCFLD9870_0206145,<hkxhk>,1,0,hk,hk,hh,hk,hh,hh,hk,hk,hh,hh,hh,hh,hh,hk,hk,hk,hh,hk,hh,hk,hk,hh,hh,hh,hh,hk,hk,hh,hk,hk,hk,hh,hk,hh,hh,hk,hk,hh,hk,hh,hk,hh,hk,hk,hh,hh,hk,hk,hk,hk,hh,hk,hk,hh,hk,hh,hk,hk,hk,hk,hh,hh,hh,hk,hk,hh,hh,hk,hh,hh,hk,hh,hk,hk,hk,hh,hh,hh,hh,hk,hh,hk,hh,hk,hh,hh,hh,hh,hh,hh
*_SCFLD9870_0230943,<lmxll>,1,1,ll,--,--,--,ll,--,--,lm,ll,lm,lm,--,--,--,--,--,ll,lm,lm,ll,--,lm,ll,--,--,ll,lm,lm,lm,lm,lm,--,lm,--,lm,ll,--,ll,--,--,--,ll,lm,lm,ll,lm,lm,--,lm,ll,lm,--,lm,--,ll,--,lm,--,lm,ll,lm,lm,ll,ll,lm,ll,--,--,--,--,ll,ll,lm,--,lm,--,lm,ll,ll,--,ll,--,lm,--,--,--,lm,--,lm,lm
*_SCFLD9870_0230962,<hkxhk>,0,1,hh,hk,hk,hh,hk,hk,hh,hh,hk,hk,hk,hk,hk,hh,hh,hh,hk,hh,hk,hh,hh,hk,hk,hk,hk,hh,hh,hk,hh,hh,hh,hk,hh,hk,hk,hh,hh,hk,hh,hk,hh,hk,hh,hh,hk,hk,hh,hh,hh,hh,hk,hh,hh,hk,hh,hk,hh,hh,hh,hh,hk,hk,hk,hh,hh,hk,hk,hh,hk,hk,hh,hk,hh,hh,hh,hk,hk,hk,hk,hh,hk,hh,hk,hh,hk,hk,hk,hk,hk,hk
*_SCFLD9870_0300316,<nnxnp>,1,1,np,np,nn,nn,nn,np,np,nn,nn,np,np,nn,np,nn,nn,np,nn,nn,np,np,np,np,nn,nn,nn,np,np,np,nn,nn,nn,np,nn,nn,np,np,nn,nn,np,np,np,nn,nn,nn,nn,np,nn,np,nn,np,np,np,nn,nn,np,np,nn,np,nn,np,np,np,nn,np,nn,nn,np,np,nn,np,np,nn,nn,np,nn,nn,np,nn,nn,nn,nn,nn,np,nn,nn,np,np,np,np,np
*_SCFLD9870_0455128,<nnxnp>,0,0,np,--,nn,--,np,--,--,--,np,--,--,np,--,--,--,--,np,nn,nn,np,--,--,np,--,--,--,np,nn,nn,nn,--,--,nn,--,nn,np,nn,np,--,--,np,np,nn,nn,--,nn,nn,--,nn,np,nn,np,--,np,np,--,--,--,nn,np,nn,--,np,np,--,np,nn,np,np,--,np,np,nn,--,--,np,nn,np,np,nn,np,--,nn,nn,np,nn,--,nn,nn,nn
*_SCFLD9870_0545592,<nnxnp>,1,0,nn,np,np,nn,np,np,nn,nn,np,np,np,np,np,nn,nn,nn,np,nn,np,nn,nn,np,np,np,np,nn,nn,np,nn,nn,nn,np,nn,np,np,nn,nn,np,nn,np,nn,np,nn,nn,np,np,nn,nn,nn,nn,np,nn,nn,np,nn,np,nn,nn,nn,nn,np,np,np,nn,nn,np,np,nn,np,np,nn,np,nn,nn,nn,np,np,np,np,nn,np,nn,nn,nn,np,np,np,np,np,np
*_SCFLD9870_0735427,<hkxhk>,0,0,hh,hh,hk,hk,hk,hh,hh,hk,hk,hh,hh,hk,hh,hk,hk,hh,hk,hk,hh,hh,hh,hh,hk,hk,hk,hh,hh,hh,hk,hk,hk,hh,hk,hk,hh,hh,hk,hk,hh,hh,hh,hk,hk,hk,hk,hh,hk,hh,hk,hh,hh,hh,hk,hk,hh,hh,hk,hh,hk,hh,hh,hh,hk,hh,hk,hk,hh,hh,hk,hh,hh,hk,hk,hh,hk,hk,hh,hk,hk,hk,hk,hk,hh,hk,hk,hh,hh,hh,hh,hh
*_SCFLD9870_0741787,<nnxnp>,0,0,nn,nn,np,np,np,nn,nn,np,np,nn,nn,np,nn,np,np,nn,np,np,nn,nn,nn,nn,np,np,np,nn,nn,nn,np,np,np,nn,np,np,nn,nn,np,np,nn,nn,nn,np,np,np,np,nn,np,nn,np,nn,nn,nn,np,np,nn,nn,np,nn,np,nn,nn,nn,np,nn,np,np,nn,nn,np,nn,nn,np,np,nn,np,np,nn,np,np,np,np,np,nn,np,np,nn,nn,nn,nn,nn
*_SCFLD9870_0975036,<lmxll>,0,0,lm,ll,ll,lm,ll,ll,lm,lm,ll,ll,ll,lm,ll,lm,lm,lm,ll,lm,ll,lm,lm,ll,ll,ll,ll,lm,lm,ll,lm,lm,lm,ll,lm,ll,ll,lm,lm,ll,lm,ll,lm,ll,lm,lm,ll,ll,lm,lm,lm,lm,ll,lm,lm,ll,lm,ll,lm,lm,lm,lm,ll,ll,ll,lm,lm,ll,ll,lm,ll,ll,lm,ll,lm,lm,ll,ll,ll,ll,ll,lm,ll,lm,lm,lm,ll,ll,ll,ll,ll,ll
*_SCFLD9870_1030917,<nnxnp>,0,0,--,np,nn,--,nn,--,nn,--,nn,np,--,np,--,np,--,nn,nn,--,--,nn,nn,np,nn,--,--,nn,nn,np,np,np,np,--,--,nn,np,nn,--,--,--,--,nn,nn,--,np,nn,np,np,--,np,nn,--,nn,--,nn,nn,--,np,nn,np,nn,np,np,nn,--,np,nn,--,nn,nn,--,nn,nn,np,--,--,--,np,nn,nn,np,nn,--,nn,np,--,--,np,--,--,--
*_SCFLD9870_1042792,<hkxhk>,0,0,--,--,hh,--,hh,--,kk,--,--,hk,--,hk,--,hk,--,--,--,hk,hk,kk,kk,hk,--,--,hh,kk,kk,hk,hk,--,hk,--,hk,--,hk,--,--,hh,--,--,kk,hh,hk,hk,--,hk,hk,kk,hk,kk,--,kk,--,hh,kk,hk,--,kk,hk,--,hk,hk,--,kk,hk,hh,--,kk,hh,--,kk,hh,hk,--,--,hh,hk,hh,hh,hk,hh,--,kk,hk,--,hk,hk,hk,hk,hk
*_SCFLD9870_1046282,<lmxll>,0,0,--,--,ll,--,ll,lm,ll,lm,--,lm,--,--,--,lm,--,--,ll,lm,--,--,--,--,ll,--,ll,lm,ll,lm,--,lm,lm,--,--,--,lm,--,lm,ll,--,--,ll,--,--,lm,ll,lm,lm,ll,--,ll,--,ll,--,ll,ll,--,--,--,--,ll,lm,lm,ll,ll,--,ll,lm,ll,--,lm,ll,ll,lm,--,--,--,--,--,ll,--,ll,--,--,lm,ll,lm,lm,lm,lm,--
*_SCFLD9870_1065630,<hkxhk>,0,0,kk,hk,--,--,hh,--,--,hk,--,--,--,hk,--,hk,--,kk,hh,--,hk,--,--,hk,hh,--,hh,kk,kk,hk,hk,hk,hk,--,hk,hh,hk,kk,--,--,--,--,kk,--,--,hk,--,hk,hk,--,hk,kk,--,kk,hk,hh,--,hk,--,--,hk,kk,--,hk,--,--,hk,--,hk,--,--,--,--,hh,--,--,hh,hh,hk,hh,hh,hk,hh,--,hk,--,--,--,hk,--,hk,--
*_SCFLD9870_1082108,<hkxhk>,1,1,--,hk,--,--,--,--,kk,--,--,hk,hk,--,--,hk,--,kk,hh,--,--,kk,kk,hk,--,--,--,kk,kk,hk,hk,--,--,--,--,--,--,kk,--,--,--,--,kk,hh,hk,--,hh,--,hk,kk,hk,kk,hk,kk,hk,hh,--,--,hh,--,hk,kk,--,hk,--,kk,--,--,--,--,hh,--,--,--,hk,--,--,hh,hk,--,hh,--,hh,--,kk,hk,--,--,hk,hk,--,--
*_SCFLD9870_1101042,<lmxll>,0,0,--,--,ll,--,--,--,--,lm,ll,lm,lm,--,--,--,--,--,ll,lm,--,ll,ll,lm,ll,--,--,ll,ll,--,--,--,lm,--,lm,--,lm,ll,--,ll,--,--,ll,--,--,--,--,lm,lm,--,--,ll,lm,ll,--,ll,--,lm,--,--,lm,ll,lm,--,--,ll,--,--,--,--,ll,--,ll,ll,lm,--,ll,ll,lm,--,ll,--,ll,--,--,--,--,--,lm,lm,lm,--
*_SCFLD9870_1110188,<lmxll>,1,1,--,lm,ll,--,ll,--,--,--,--,--,lm,lm,--,lm,--,--,ll,lm,lm,--,--,--,ll,--,ll,ll,ll,lm,--,--,--,--,lm,--,lm,ll,lm,ll,--,--,--,ll,lm,--,ll,lm,--,ll,--,--,--,--,lm,ll,ll,--,--,--,--,--,--,lm,--,ll,lm,ll,lm,--,ll,lm,--,--,--,--,--,--,--,ll,--,--,ll,--,--,lm,--,--,lm,lm,lm,--
*_SCFLD9870_1207486,<hkxhk>,1,0,kk,kk,hk,hk,hk,kk,kk,hk,hk,kk,kk,hk,kk,hk,hk,kk,hk,hk,kk,kk,kk,kk,hk,hk,hk,kk,kk,kk,hk,hk,hk,kk,hk,hk,kk,kk,hk,hk,kk,kk,kk,hk,hk,hk,hk,kk,hk,kk,hk,kk,kk,kk,hk,hk,kk,kk,hk,kk,hk,kk,kk,kk,hk,kk,hk,hk,kk,kk,hk,kk,kk,hk,hk,kk,hk,hk,kk,hk,hk,hk,hk,hk,kk,hk,hk,kk,kk,kk,kk,kk
*_SCFLD9870_1272880,<lmxll>,0,0,ll,ll,lm,lm,lm,ll,ll,lm,lm,ll,ll,lm,ll,lm,lm,ll,lm,lm,ll,ll,ll,ll,lm,lm,lm,ll,ll,ll,lm,lm,lm,ll,lm,lm,ll,ll,lm,lm,ll,ll,ll,lm,lm,lm,lm,ll,lm,ll,lm,ll,ll,ll,lm,lm,ll,ll,lm,ll,lm,ll,ll,ll,lm,ll,lm,lm,ll,ll,lm,ll,ll,lm,lm,ll,lm,lm,ll,lm,lm,lm,lm,lm,ll,lm,lm,ll,ll,ll,ll,ll
*_SCFLD9870_1321777,<nnxnp>,0,0,--,nn,np,--,--,--,np,--,--,nn,nn,--,--,nn,nn,np,np,nn,nn,np,np,--,np,--,np,np,np,nn,nn,nn,nn,nn,--,np,--,np,nn,np,--,--,np,np,nn,nn,np,nn,nn,np,nn,np,nn,np,nn,--,np,nn,--,np,nn,np,nn,nn,--,np,nn,np,--,--,--,nn,np,np,nn,--,--,np,nn,np,np,--,--,--,np,nn,np,--,--,--,nn,nn
*_SCFLD9870_1951774,<nnxnp>,0,0,nn,np,np,nn,np,np,nn,nn,np,np,np,nn,np,nn,nn,nn,np,nn,np,nn,nn,np,np,np,np,nn,nn,np,nn,nn,nn,np,nn,np,np,nn,nn,np,nn,np,nn,np,nn,nn,np,np,nn,nn,nn,nn,np,nn,nn,np,nn,np,nn,nn,nn,nn,np,np,np,nn,nn,np,np,nn,np,np,nn,np,nn,nn,np,np,np,np,np,nn,np,nn,nn,nn,np,np,np,np,np,np
*_SCFLD9870_2338499,<nnxnp>,0,0,nn,np,np,nn,np,np,nn,nn,np,np,np,nn,np,nn,nn,nn,np,nn,np,nn,nn,np,np,np,np,nn,nn,np,nn,nn,nn,np,nn,np,np,nn,nn,np,nn,np,nn,np,nn,nn,np,np,nn,nn,nn,nn,np,nn,nn,np,nn,np,nn,nn,nn,nn,np,np,np,nn,nn,np,np,nn,np,np,nn,np,nn,nn,np,np,np,np,np,nn,np,nn,nn,nn,np,np,np,np,np,np
*_SCFLD9870_2457324,<hkxhk>,1,0,hh,hh,hk,hk,hk,hh,hh,hk,hk,hh,hh,hk,hh,hk,hk,hh,hk,hk,hh,hh,hh,hh,hk,hk,hk,hh,hh,hh,hk,hk,hk,hh,hk,hk,hh,hh,hk,hk,hh,hh,hh,hk,hk,hk,hk,hh,hk,hh,hk,hh,hh,hh,hk,hk,hh,hh,hk,hh,hk,hh,hh,hh,hk,hh,hk,hk,hh,hh,hk,hh,hh,hk,hk,hh,hk,hk,hh,hk,hk,hk,hk,hk,hh,hk,hk,hh,hh,hh,hh,hh
*_SCFLD9870_2502407,<hkxhk>,0,0,hk,hk,hh,hh,hh,hk,hk,hh,hh,hk,hk,hh,hk,hh,hh,hk,hh,hh,hk,hk,hk,hk,hh,hh,hh,hk,hk,hk,hh,hh,hh,hk,hh,hh,hk,hk,hh,hh,hk,hk,hk,hh,hh,hh,hh,hk,hh,hk,hh,hk,hk,hk,hh,hh,hk,hk,hh,hk,hh,hk,hk,hk,hh,hk,hh,hh,hk,hk,hh,hk,hk,hh,hh,hk,hh,hh,hk,hh,hh,hh,hh,hh,hk,hh,hh,hk,hk,hk,hk,hk
*_SCFLD9870_2832209,<nnxnp>,0,0,np,nn,nn,np,nn,nn,np,np,nn,nn,nn,np,nn,np,np,np,nn,np,nn,np,np,nn,nn,nn,nn,np,np,nn,np,np,np,nn,np,nn,nn,np,np,nn,np,np,np,nn,np,np,nn,nn,np,np,np,np,nn,np,np,nn,nn,nn,np,np,np,np,nn,nn,nn,np,np,nn,nn,np,nn,nn,np,nn,np,np,nn,nn,nn,nn,nn,np,nn,np,np,np,nn,nn,nn,nn,nn,nn
*_SCFLD9870_2861498,<lmxll>,1,1,--,lm,ll,--,--,--,ll,--,--,lm,--,ll,--,lm,--,ll,ll,lm,lm,--,--,lm,ll,--,--,ll,ll,lm,lm,lm,lm,--,lm,--,lm,ll,--,ll,ll,--,ll,ll,ll,lm,ll,--,lm,--,lm,ll,lm,ll,lm,ll,--,lm,--,--,lm,--,lm,lm,ll,--,lm,ll,lm,ll,ll,--,--,ll,lm,--,--,ll,--,ll,--,lm,ll,--,ll,lm,--,lm,lm,--,lm,lm
*_SCFLD9870_2927268,<hkxhk>,0,0,--,--,kk,--,--,--,hh,--,--,hk,hk,hk,--,hk,--,hh,--,hk,hk,hh,hh,hk,--,--,kk,hh,hh,--,hk,hk,--,--,hk,kk,hk,hh,hk,--,--,--,hh,kk,--,hk,kk,--,hk,--,hk,hh,hk,hh,hk,kk,hk,hk,kk,hh,--,hh,hk,--,--,--,hk,kk,--,hh,--,--,hh,kk,--,--,kk,--,hk,kk,kk,--,--,--,--,--,kk,--,hk,hk,hk,hk
*_SCFLD9875_1611543,<nnxnp>,1,1,nn,np,np,--,--,--,nn,--,--,nn,nn,nn,--,nn,nn,np,nn,--,np,nn,nn,--,--,--,--,nn,nn,np,nn,nn,--,--,--,--,--,--,nn,--,--,--,np,nn,np,np,--,np,nn,--,np,np,np,nn,nn,nn,np,np,--,np,np,nn,--,np,--,np,np,--,--,np,nn,--,nn,np,nn,np,--,nn,nn,nn,--,--,nn,--,--,--,--,--,np,np,nn,--
*_SCFLD9875_1611694,<lmxll>,1,1,--,--,--,--,ll,--,--,--,--,ll,--,--,--,ll,ll,lm,--,--,--,lm,--,lm,ll,--,lm,ll,lm,ll,--,lm,--,--,ll,ll,--,lm,ll,--,--,--,lm,--,ll,--,ll,lm,ll,--,ll,ll,--,ll,lm,--,lm,--,--,lm,lm,--,lm,--,lm,--,lm,lm,lm,ll,--,--,lm,lm,lm,--,--,--,lm,--,--,lm,--,ll,lm,lm,lm,--,ll,lm,ll,ll
*_SCFLD9911_0059291,<lmxll>,0,0,ll,lm,lm,ll,lm,lm,ll,ll,lm,lm,lm,ll,lm,ll,ll,lm,lm,lm,lm,ll,ll,lm,ll,lm,lm,ll,ll,lm,ll,ll,ll,lm,ll,ll,lm,ll,ll,lm,ll,ll,lm,ll,ll,ll,ll,lm,ll,ll,lm,lm,lm,lm,ll,ll,lm,lm,lm,lm,ll,ll,ll,lm,ll,ll,ll,lm,lm,ll,lm,lm,ll,lm,ll,ll,lm,ll,lm,lm,lm,ll,lm,ll,ll,ll,lm,lm,lm,lm,lm,lm
*_SCFLD9911_0059354,<lmxll>,0,0,--,lm,ll,--,ll,--,ll,lm,--,lm,--,lm,--,lm,--,--,--,--,lm,ll,ll,--,lm,--,--,ll,ll,--,lm,--,--,--,lm,lm,lm,ll,lm,ll,ll,--,--,lm,ll,--,lm,lm,lm,--,ll,lm,lm,lm,ll,lm,--,lm,--,lm,lm,--,ll,lm,lm,--,lm,lm,lm,--,ll,--,ll,ll,lm,ll,ll,lm,lm,--,--,lm,--,--,--,--,ll,lm,lm,--,lm,--
*_SCFLD9911_0157315,<lmxll>,0,0,lm,lm,ll,ll,ll,lm,lm,ll,ll,lm,lm,ll,lm,ll,ll,lm,lm,ll,lm,lm,lm,lm,ll,ll,ll,lm,lm,lm,ll,ll,ll,lm,ll,ll,lm,lm,ll,ll,lm,ll,lm,ll,lm,ll,ll,lm,ll,lm,ll,lm,lm,lm,lm,ll,lm,lm,ll,lm,ll,lm,lm,lm,ll,lm,ll,lm,lm,lm,ll,lm,lm,ll,ll,lm,ll,ll,lm,ll,ll,ll,lm,ll,lm,ll,ll,lm,lm,lm,lm,lm
*_SCFLD9911_0540691,<lmxll>,0,0,lm,ll,ll,lm,ll,ll,lm,lm,ll,ll,ll,lm,ll,lm,lm,ll,ll,ll,ll,lm,lm,ll,lm,ll,ll,lm,lm,ll,lm,lm,lm,ll,lm,lm,ll,lm,lm,ll,lm,lm,ll,lm,lm,lm,ll,ll,lm,lm,ll,lm,ll,ll,lm,lm,ll,ll,ll,ll,lm,lm,lm,ll,lm,lm,lm,ll,ll,lm,ll,ll,lm,ll,lm,lm,ll,lm,ll,ll,ll,lm,ll,lm,lm,lm,ll,ll,ll,ll,ll,ll
*_SCFLD9911_0629174,<lmxll>,0,0,lm,ll,ll,lm,ll,ll,lm,lm,ll,ll,ll,lm,ll,lm,lm,ll,ll,ll,ll,lm,lm,ll,lm,ll,ll,lm,lm,ll,lm,lm,lm,ll,lm,lm,ll,lm,lm,ll,lm,lm,ll,lm,lm,lm,ll,ll,lm,lm,ll,lm,ll,ll,lm,lm,ll,ll,ll,ll,lm,lm,lm,ll,lm,lm,lm,ll,ll,lm,ll,ll,lm,ll,lm,lm,ll,lm,ll,ll,ll,lm,ll,lm,lm,lm,ll,ll,ll,ll,ll,ll
*_SCFLD9911_0706488,<hkxhk>,0,0,hk,hk,hh,hh,hh,hk,hk,hh,hh,hk,hk,hh,hk,hh,hh,hk,hk,hh,hk,hk,hk,hk,hh,hh,hh,hk,hk,hk,hh,hh,hh,hk,hh,hh,hk,hk,hh,hh,hk,hh,hk,hh,hk,hh,hh,hk,hh,hk,hh,hk,hk,hk,hh,hh,hk,hk,hh,hk,hh,hk,hk,hk,hh,hk,hh,hk,hk,hk,hh,hk,hk,hh,hh,hk,hh,hh,hk,hh,hh,hh,hk,hh,hk,hh,hh,hk,hk,hk,hk,hk
*_SCFLD9911_0822470,<lmxll>,1,1,ll,lm,lm,ll,lm,lm,ll,ll,lm,lm,lm,ll,lm,ll,ll,lm,lm,lm,lm,ll,ll,lm,ll,lm,lm,ll,ll,lm,ll,ll,ll,lm,ll,ll,lm,ll,ll,lm,ll,ll,lm,ll,ll,ll,lm,lm,ll,ll,lm,ll,lm,lm,ll,ll,lm,lm,lm,lm,ll,ll,ll,lm,ll,ll,ll,lm,lm,ll,lm,lm,ll,lm,ll,ll,lm,ll,lm,lm,lm,ll,lm,ll,ll,ll,lm,lm,lm,lm,lm,lm
*_SCFLD9911_0841929,<hkxhk>,1,0,hk,hk,kk,kk,kk,hk,hk,kk,kk,hk,hk,kk,hk,kk,kk,hk,hk,kk,hk,hk,hk,hk,kk,kk,kk,hk,hk,hk,kk,kk,kk,hk,kk,kk,hk,hk,kk,kk,hk,kk,hk,kk,hk,kk,kk,hk,kk,hk,kk,hk,hk,hk,kk,kk,hk,hk,kk,hk,kk,hk,hk,hk,kk,hk,kk,hk,hk,hk,kk,hk,hk,kk,kk,hk,kk,kk,hk,kk,kk,kk,hk,kk,hk,kk,kk,hk,hk,hk,hk,hk
*_SCFLD9911_0945008,<nnxnp>,0,0,--,--,np,--,np,--,--,--,--,nn,nn,nn,nn,--,--,nn,nn,np,--,np,np,nn,nn,--,np,np,np,--,nn,nn,nn,--,--,nn,nn,np,nn,np,np,--,--,--,--,--,np,nn,nn,--,np,np,nn,nn,--,--,nn,nn,--,--,nn,np,np,nn,--,np,nn,nn,nn,--,np,nn,np,np,nn,--,--,nn,nn,--,np,--,np,--,--,--,--,--,nn,--,nn,nn
*_SCFLD9911_0953177,<lmxll>,0,0,ll,lm,lm,ll,lm,lm,ll,ll,lm,lm,lm,ll,lm,ll,ll,lm,lm,lm,lm,ll,ll,lm,ll,lm,lm,ll,ll,lm,ll,ll,ll,lm,ll,ll,lm,ll,ll,lm,ll,ll,lm,ll,ll,ll,lm,lm,ll,ll,lm,ll,lm,lm,ll,ll,lm,lm,lm,lm,ll,ll,ll,lm,ll,ll,ll,lm,lm,ll,lm,lm,ll,lm,ll,ll,lm,ll,lm,lm,lm,ll,lm,ll,ll,ll,lm,lm,lm,lm,lm,lm
*_SCFLD9911_1093063,<hkxhk>,0,0,hk,kk,kk,hk,kk,kk,hk,hk,kk,kk,kk,hk,kk,hk,hk,kk,kk,kk,kk,hk,hk,kk,hk,kk,kk,hk,hk,kk,hk,hk,hk,kk,hk,hk,kk,hk,hk,kk,hk,hk,kk,hk,hk,hk,kk,kk,hk,hk,kk,hk,kk,kk,hk,hk,kk,kk,kk,kk,hk,hk,hk,kk,hk,hk,hk,kk,kk,hk,kk,kk,hk,kk,hk,hk,kk,hk,kk,kk,kk,hk,kk,hk,hk,hk,kk,kk,kk,kk,kk,kk
*_SCFLD9911_1210081,<nnxnp>,0,0,nn,nn,np,np,np,nn,nn,np,np,nn,nn,np,nn,np,np,nn,nn,np,nn,nn,nn,nn,np,np,np,nn,nn,nn,np,np,np,nn,np,np,nn,nn,np,np,nn,np,nn,np,nn,np,np,nn,np,nn,np,nn,nn,nn,np,np,nn,nn,np,nn,np,nn,nn,nn,np,nn,np,nn,nn,nn,np,nn,nn,np,np,nn,np,np,nn,np,np,np,np,np,nn,np,np,nn,nn,nn,nn,nn
*_SCFLD9911_1261444,<lmxll>,1,0,lm,lm,ll,ll,ll,lm,lm,ll,ll,lm,lm,ll,lm,ll,ll,lm,lm,ll,lm,lm,lm,lm,ll,ll,ll,lm,lm,lm,ll,ll,ll,lm,ll,ll,lm,lm,ll,ll,lm,ll,lm,ll,lm,ll,ll,lm,ll,lm,ll,lm,lm,lm,ll,ll,lm,lm,ll,lm,ll,lm,lm,lm,ll,lm,ll,lm,lm,lm,ll,lm,lm,ll,ll,lm,ll,ll,lm,ll,ll,ll,ll,ll,lm,ll,ll,lm,lm,lm,lm,lm
*_SCFLD9911_1281666,<nnxnp>,1,0,np,np,nn,nn,nn,np,np,nn,nn,np,np,nn,np,nn,nn,np,np,nn,np,np,np,np,nn,nn,nn,np,np,np,nn,nn,nn,np,nn,nn,np,np,nn,nn,np,nn,np,nn,np,nn,nn,np,nn,np,nn,np,np,np,nn,nn,np,np,nn,np,nn,np,np,np,nn,np,nn,np,np,np,nn,np,np,nn,nn,np,nn,nn,np,nn,nn,nn,nn,nn,np,nn,nn,np,np,np,np,np
*_SCFLD9911_1320231,<hkxhk>,0,0,hk,hk,hh,hh,hh,hk,hk,hh,hh,hk,hk,hh,hk,hh,hh,hk,hk,hh,hk,hk,hk,hk,hh,hh,hh,hk,hk,hk,hh,hh,hh,hk,hh,hh,hk,hk,hh,hh,hk,hh,hk,hh,hk,hh,hh,hk,hh,hk,hh,hk,hk,hk,hh,hh,hk,hk,hh,hk,hh,hk,hk,hk,hh,hk,hh,hk,hk,hk,hh,hk,hk,hh,hh,hk,hh,hh,hk,hh,hh,hh,hh,hh,hk,hh,hh,hk,hk,hk,hk,hk
*_SCFLD9911_1812028,<hkxhk>,1,1,hh,hh,hk,hk,hk,hh,hh,hk,hk,hh,hh,hk,hh,hk,hk,hh,hh,hk,hh,hh,hh,hh,hk,hk,hk,hh,hh,hh,hk,hk,hk,hh,hk,hk,hh,hh,hk,hk,hh,hk,hh,hk,hh,hk,hk,hh,hk,hh,hk,hh,hh,hh,hk,hk,hh,hh,hk,hh,hk,hh,hh,hh,hk,hh,hk,hh,hh,hh,hk,hh,hh,hk,hk,hh,hk,hk,hh,hk,hk,hk,hk,hk,hh,hk,hk,hh,hh,hh,hh,hh
*_SCFLD9911_2128619,<lmxll>,1,1,ll,ll,lm,lm,lm,ll,ll,lm,lm,ll,ll,lm,ll,lm,lm,ll,ll,lm,ll,ll,ll,ll,lm,lm,lm,ll,ll,ll,lm,lm,lm,ll,lm,lm,ll,ll,lm,lm,ll,lm,ll,lm,ll,lm,lm,ll,lm,ll,lm,ll,ll,ll,lm,lm,ll,ll,lm,ll,lm,ll,ll,ll,lm,ll,lm,ll,ll,ll,lm,ll,ll,lm,lm,ll,lm,lm,ll,lm,lm,lm,lm,lm,ll,lm,lm,ll,ll,ll,ll,ll
*_SCFLD9911_2667127,<nnxnp>,0,0,np,np,nn,nn,nn,np,np,nn,nn,np,np,nn,np,nn,nn,np,np,nn,np,np,np,np,nn,nn,nn,np,np,np,nn,nn,nn,np,nn,nn,np,np,nn,nn,np,nn,np,nn,np,nn,nn,np,nn,np,nn,np,np,np,nn,nn,np,np,nn,np,nn,np,np,np,nn,np,nn,np,np,np,nn,np,np,nn,nn,np,nn,nn,np,nn,nn,nn,nn,nn,np,nn,nn,np,np,np,np,np
*_SCFLD9911_2705689,<nnxnp>,0,0,nn,--,nn,--,nn,--,--,--,nn,np,--,--,--,np,--,np,np,nn,np,--,--,--,np,--,nn,nn,--,np,--,--,--,--,np,--,np,nn,--,nn,--,--,--,--,--,np,--,np,np,--,np,nn,--,--,np,np,--,--,--,--,np,--,nn,--,--,nn,np,np,np,nn,nn,--,nn,nn,--,--,--,--,--,--,--,np,--,--,nn,--,nn,--,np,np,np,np
*_SCFLD9911_2793265,<nnxnp>,0,0,np,nn,nn,np,nn,nn,np,np,nn,nn,nn,np,nn,np,np,nn,nn,nn,nn,np,np,nn,np,nn,nn,np,np,nn,np,np,np,nn,np,np,nn,np,np,nn,np,np,nn,np,np,np,nn,nn,np,np,np,np,nn,nn,np,np,nn,nn,nn,np,np,np,np,nn,np,np,np,nn,nn,np,nn,nn,np,nn,np,np,nn,nn,nn,nn,nn,np,nn,np,np,np,nn,nn,nn,nn,nn,nn
*_SCFLD9911_2811680,<nnxnp>,0,0,np,nn,nn,np,nn,nn,np,np,nn,nn,nn,np,nn,np,np,nn,nn,nn,nn,np,np,nn,np,nn,nn,np,np,nn,np,np,np,nn,np,np,nn,np,np,nn,np,np,nn,np,np,np,nn,nn,np,np,np,np,nn,nn,np,np,nn,nn,nn,np,np,np,np,nn,np,np,np,nn,nn,np,nn,nn,np,nn,np,np,nn,nn,nn,nn,nn,np,nn,np,np,np,nn,nn,nn,nn,nn,nn
*_SCFLD9911_2841036,<lmxll>,1,1,lm,ll,ll,lm,ll,ll,lm,lm,ll,ll,ll,lm,ll,lm,lm,ll,ll,ll,ll,lm,lm,ll,lm,ll,ll,lm,lm,ll,lm,lm,lm,ll,lm,lm,ll,lm,lm,ll,lm,lm,ll,lm,lm,lm,ll,ll,lm,lm,lm,lm,ll,ll,lm,lm,ll,ll,ll,lm,lm,lm,lm,ll,lm,lm,lm,ll,ll,lm,ll,ll,lm,ll,lm,lm,ll,ll,ll,ll,ll,lm,ll,lm,lm,lm,ll,ll,ll,ll,ll,ll
*_SCFLD9911_2856397,<lmxll>,0,0,ll,ll,lm,lm,lm,ll,ll,lm,lm,ll,ll,lm,ll,lm,lm,ll,ll,lm,ll,ll,ll,ll,lm,lm,lm,ll,ll,ll,lm,lm,lm,ll,lm,lm,ll,ll,lm,lm,ll,lm,ll,lm,ll,lm,lm,ll,lm,ll,lm,ll,ll,ll,lm,lm,ll,ll,lm,ll,lm,ll,ll,ll,lm,ll,lm,ll,ll,ll,lm,ll,ll,lm,lm,ll,lm,lm,ll,lm,lm,lm,lm,lm,ll,lm,lm,ll,ll,ll,ll,ll
*_SCFLD9911_2879780,<nnxnp>,1,0,np,nn,nn,np,nn,nn,np,np,nn,nn,nn,np,nn,np,np,nn,nn,nn,nn,np,np,nn,np,nn,nn,np,np,nn,np,np,np,nn,np,np,nn,np,np,nn,np,np,nn,np,np,np,nn,nn,np,np,np,np,nn,nn,np,np,nn,nn,nn,np,np,np,np,nn,np,np,np,nn,nn,np,nn,nn,np,nn,np,np,nn,nn,nn,nn,nn,np,nn,np,np,np,nn,nn,nn,nn,nn,nn
*_SCFLD9911_3038958,<lmxll>,1,1,lm,lm,ll,ll,ll,lm,lm,ll,ll,lm,lm,ll,lm,ll,ll,lm,lm,ll,lm,lm,lm,lm,ll,ll,ll,lm,lm,lm,ll,ll,ll,lm,ll,ll,lm,lm,ll,ll,lm,ll,lm,ll,lm,ll,ll,lm,ll,lm,ll,lm,lm,lm,ll,ll,lm,lm,ll,lm,ll,lm,lm,lm,ll,lm,ll,lm,lm,lm,ll,lm,lm,ll,ll,lm,ll,ll,lm,ll,ll,ll,ll,ll,lm,ll,ll,lm,lm,lm,lm,lm
*_SCFLD9911_3554390,<lmxll>,0,0,lm,ll,ll,lm,ll,ll,lm,lm,ll,ll,ll,lm,ll,lm,lm,lm,ll,ll,ll,lm,lm,ll,ll,ll,ll,lm,lm,ll,lm,lm,lm,ll,lm,lm,ll,lm,lm,ll,lm,lm,lm,ll,lm,lm,ll,ll,lm,lm,lm,lm,ll,ll,lm,lm,ll,ll,ll,lm,lm,lm,lm,ll,lm,lm,lm,ll,ll,lm,ll,ll,lm,ll,lm,lm,ll,ll,ll,ll,ll,lm,ll,lm,lm,lm,ll,ll,ll,ll,ll,ll
*_SCFLD9911_4062235,<lmxll>,1,0,ll,lm,lm,ll,lm,lm,ll,ll,lm,lm,lm,ll,lm,ll,ll,ll,lm,ll,lm,ll,ll,lm,lm,lm,lm,ll,ll,lm,ll,ll,ll,lm,ll,lm,lm,ll,ll,lm,ll,ll,ll,lm,ll,ll,lm,lm,ll,ll,ll,ll,lm,lm,ll,lm,lm,lm,lm,ll,ll,ll,ll,lm,ll,ll,ll,lm,lm,ll,lm,lm,ll,lm,ll,ll,lm,lm,lm,lm,lm,ll,lm,ll,ll,ll,lm,lm,lm,lm,lm,lm
*_SCFLD9911_4171842,<nnxnp>,0,0,np,nn,nn,np,nn,nn,np,np,nn,nn,nn,np,nn,np,np,np,nn,np,nn,np,np,nn,nn,nn,nn,np,np,nn,np,np,np,nn,np,nn,nn,np,np,nn,np,np,np,nn,np,np,nn,nn,np,np,np,np,nn,nn,np,nn,nn,nn,nn,np,np,np,np,nn,np,np,np,nn,nn,np,nn,nn,np,nn,np,np,nn,nn,nn,nn,nn,np,nn,np,np,np,nn,nn,nn,nn,nn,nn
*_SCFLD9911_4351130,<hkxhk>,1,0,hh,hh,hk,hk,hk,hh,hh,hk,hk,hh,hh,hk,hh,hk,hk,hh,hh,hk,hh,hh,hh,hh,hk,hk,hk,hh,hh,hh,hk,hk,hk,hh,hk,hk,hh,hh,hk,hk,hh,hk,hh,hk,hh,hk,hk,hh,hk,hh,hk,hh,hh,hh,hk,hk,hh,hh,hk,hh,hk,hh,hh,hh,hk,hh,hk,hk,hh,hh,hk,hh,hh,hk,hk,hh,hk,hk,hh,hk,hk,hk,hk,hk,hh,hk,hk,hh,hh,hh,hh,hh
*_SCFLD9911_4671246,<hkxhk>,0,0,hk,hh,hh,hk,hh,hh,hk,hk,hh,hh,hh,hk,hh,hk,hk,hk,hh,hk,hh,hk,hk,hh,hh,hh,hh,hk,hk,hh,hk,hk,hk,hh,hk,hh,hh,hk,hk,hh,hk,hk,hk,hh,hk,hk,hh,hh,hk,hk,hk,hk,hh,hk,hk,hh,hh,hh,hh,hk,hk,hk,hk,hh,hk,hk,hk,hh,hh,hk,hh,hh,hk,hh,hk,hk,hh,hh,hh,hh,hh,hk,hh,hk,hk,hk,hh,hh,hh,hh,hh,hh
*_SCFLD9911_4673035,<nnxnp>,0,0,np,nn,nn,np,nn,nn,np,np,nn,nn,nn,np,nn,np,np,np,nn,np,nn,np,np,nn,nn,nn,nn,np,np,nn,np,np,np,nn,np,nn,nn,np,np,nn,np,np,np,nn,np,np,nn,nn,np,np,np,np,nn,np,np,nn,nn,nn,nn,np,np,np,np,nn,np,np,np,nn,nn,np,nn,nn,np,nn,np,np,nn,nn,nn,nn,nn,np,nn,np,np,np,nn,nn,nn,nn,nn,nn
*_SCFLD9911_4689631,<hkxhk>,1,1,hk,hh,hh,hk,hh,hh,hk,hk,hh,hh,hh,hk,hh,hk,hk,hk,hh,hk,hh,hk,hk,hh,hh,hh,hh,hk,hk,hh,hk,hk,hk,hh,hk,hh,hh,hk,hk,hh,hk,hk,hk,hh,hk,hk,hh,hh,hk,hk,hk,hk,hh,hk,hk,hh,hh,hh,hh,hk,hk,hk,hk,hh,hk,hk,hk,hh,hh,hk,hh,hh,hk,hh,hk,hk,hh,hh,hh,hh,hh,hk,hh,hk,hk,hk,hh,hh,hh,hh,hh,hh
*_SCFLD9911_4720011,<nnxnp>,0,0,nn,np,np,nn,np,np,nn,nn,np,np,np,nn,np,nn,nn,nn,np,nn,np,nn,nn,np,np,np,np,nn,nn,np,nn,nn,nn,np,nn,np,np,nn,nn,np,nn,nn,nn,np,nn,nn,np,np,nn,nn,nn,nn,np,nn,nn,np,np,np,np,nn,nn,nn,nn,np,nn,nn,nn,np,np,nn,np,np,nn,np,nn,nn,np,np,np,np,np,nn,np,nn,nn,nn,np,np,np,np,np,np
*_SCFLD9911_4975738,<lmxll>,1,1,ll,ll,lm,lm,lm,ll,ll,lm,lm,ll,ll,lm,ll,lm,lm,ll,lm,lm,ll,ll,ll,ll,lm,lm,lm,ll,ll,ll,lm,lm,lm,ll,lm,lm,ll,ll,lm,lm,ll,lm,ll,lm,ll,lm,lm,ll,lm,ll,lm,ll,ll,ll,lm,lm,ll,ll,lm,ll,lm,ll,ll,ll,lm,ll,lm,lm,ll,ll,lm,ll,ll,lm,lm,ll,lm,lm,ll,lm,lm,lm,lm,lm,ll,lm,lm,ll,ll,ll,ll,ll
*_SCFLD9911b_5017096,<hkxhk>,0,0,--,--,kk,--,--,hk,--,hk,--,hk,hk,hk,--,hk,--,hh,--,hk,--,hh,--,hk,--,--,kk,hh,--,hk,hk,hk,hk,--,--,--,hk,hh,--,--,--,--,hh,--,--,--,kk,hh,hk,hh,--,hh,hk,hh,hk,kk,--,hk,--,--,hk,hh,--,hk,hk,--,--,kk,--,--,--,hk,hh,kk,hk,--,--,--,--,--,--,hk,--,--,--,--,--,--,hk,--,hk,hk
*_SCFLD9911_5017138,<lmxll>,1,0,ll,ll,lm,lm,lm,ll,ll,lm,lm,ll,ll,lm,ll,lm,lm,ll,lm,lm,ll,ll,ll,ll,lm,lm,lm,ll,ll,ll,lm,lm,lm,ll,lm,lm,ll,ll,lm,lm,ll,lm,ll,lm,ll,lm,lm,ll,lm,ll,lm,ll,ll,ll,lm,lm,ll,ll,lm,ll,lm,ll,ll,ll,lm,ll,lm,lm,ll,ll,lm,ll,ll,lm,lm,ll,lm,lm,ll,lm,lm,lm,lm,lm,ll,lm,lm,ll,ll,ll,ll,ll
*_SCFLD9958_0090196,<hkxhk>,0,0,hk,hh,hh,hk,hk,hh,hk,hh,hh,hh,hk,hk,hh,hk,hk,hh,hh,hh,hh,hk,hk,hh,hk,hh,hk,hk,hk,hh,hk,hk,hk,hh,hk,hk,hh,hh,hk,hh,hk,hk,hh,hk,hh,hh,hk,hh,hk,hk,hh,hh,hh,hh,hk,hk,hh,hh,hh,hh,hh,hk,hk,hh,hk,hk,hk,hk,hh,hk,hh,hh,hk,hh,hk,hk,hh,hk,hk,hk,hh,hk,hk,hk,hk,hk,hh,hh,hh,hh,hh,hk
*_SCFLD9958_0090306,<lmxll>,0,0,lm,lm,ll,ll,ll,lm,lm,ll,ll,lm,lm,ll,lm,ll,ll,ll,lm,ll,lm,lm,lm,ll,ll,ll,ll,lm,lm,lm,ll,ll,ll,lm,ll,ll,lm,lm,ll,ll,lm,ll,lm,lm,lm,ll,ll,ll,ll,lm,ll,lm,lm,lm,lm,ll,lm,ll,ll,lm,ll,lm,lm,lm,ll,lm,ll,lm,lm,lm,ll,lm,lm,ll,ll,lm,ll,ll,lm,lm,ll,ll,ll,ll,lm,ll,ll,lm,lm,ll,ll,ll
*_SCFLD9958_0090318,<hkxhk>,0,0,--,hk,hh,--,--,hk,--,--,--,hk,kk,hk,hk,hk,--,hh,hk,hh,hk,kk,--,hh,hk,--,hk,kk,kk,kk,--,hk,hk,hk,hk,--,hk,hk,hk,--,--,--,--,kk,hk,--,--,hh,hk,kk,hh,--,hk,hk,kk,hk,hk,hh,hh,--,hh,kk,kk,--,hk,kk,--,kk,--,--,hh,hk,kk,hh,hk,--,--,hk,kk,kk,--,--,hk,--,--,hk,--,--,hk,hh,hh,--
*_SCFLD9958_0120662,<lmxll>,1,1,lm,ll,ll,lm,lm,ll,lm,ll,ll,ll,lm,lm,ll,lm,lm,ll,ll,ll,ll,lm,lm,ll,lm,ll,lm,lm,lm,ll,lm,lm,lm,ll,lm,lm,ll,ll,lm,ll,lm,lm,ll,lm,ll,ll,lm,ll,lm,lm,ll,ll,ll,ll,lm,lm,ll,ll,ll,ll,ll,lm,lm,ll,lm,lm,lm,lm,ll,lm,ll,ll,lm,ll,lm,lm,ll,lm,lm,lm,ll,lm,lm,lm,lm,lm,ll,ll,ll,ll,ll,lm
*_SCFLD9958_0120807,<hkxhk>,1,1,kk,hk,hh,--,hk,--,kk,hh,--,hk,--,hk,--,hk,--,hh,hk,--,hk,kk,--,hh,hk,--,--,--,--,hk,--,hk,--,--,--,--,hk,hk,hk,--,--,--,--,kk,hk,--,hk,hh,--,--,hh,hk,hk,hk,--,--,--,hh,--,hk,hh,kk,kk,--,hk,kk,hk,kk,hk,kk,hh,hk,kk,hh,hk,--,--,--,kk,--,hh,hk,--,--,kk,--,--,--,--,hh,hh,--
*_SCFLD9958_0209955,<lmxll>,0,0,--,--,lm,--,ll,--,lm,--,--,--,--,--,--,ll,--,lm,ll,--,--,--,--,--,--,--,--,--,lm,--,ll,--,ll,--,--,--,ll,--,ll,lm,--,--,--,lm,ll,lm,--,lm,ll,--,lm,ll,--,ll,lm,--,ll,lm,lm,--,lm,lm,--,--,ll,lm,ll,lm,--,--,lm,--,lm,lm,--,--,--,ll,--,--,--,ll,ll,--,lm,ll,lm,--,ll,--,--,ll
*_SCFLD9958_0294627,<nnxnp>,0,0,--,np,--,--,--,np,nn,--,--,np,nn,np,--,np,np,--,np,nn,np,nn,nn,nn,np,--,np,nn,--,np,np,np,np,--,np,--,np,np,--,nn,nn,--,np,--,np,nn,np,nn,np,--,nn,np,np,--,nn,np,nn,nn,nn,np,nn,nn,nn,--,np,nn,--,nn,np,--,nn,--,nn,nn,np,nn,--,np,nn,nn,--,--,--,--,nn,np,nn,--,np,--,nn,--
*_SCFLD9958_0294693,<hkxhk>,1,1,hk,hh,hh,hk,hk,hh,hk,hh,hh,hh,hk,hk,hh,hk,hk,hh,hh,hh,hh,hk,hk,hh,hk,hh,hk,hk,hk,hh,hk,hk,hk,hh,hk,hk,hh,hh,hk,hh,hk,hk,hh,hk,hh,hh,hk,hh,hk,hk,hh,hh,hh,hh,hk,hk,hh,hh,hh,hh,hh,hk,hk,hh,hk,hk,hk,hk,hh,hk,hh,hh,hk,hh,hk,hk,hh,hk,hk,hk,hh,hk,hk,hk,hk,hk,hh,hh,hh,hh,hh,hk
*_SCFLD9958_0294726,<nnxnp>,0,0,np,np,nn,nn,nn,np,np,nn,nn,np,np,nn,np,nn,nn,nn,np,nn,np,np,np,nn,nn,nn,nn,np,np,np,nn,nn,nn,np,nn,nn,np,np,nn,nn,np,nn,np,np,np,nn,nn,nn,nn,np,nn,np,np,np,np,nn,np,nn,nn,np,nn,np,np,np,nn,np,nn,np,np,np,nn,np,np,nn,nn,np,nn,nn,np,np,nn,nn,nn,nn,np,nn,nn,np,np,nn,nn,nn
*_SCFLD9958_0341042,<nnxnp>,0,0,nn,np,np,nn,nn,np,nn,np,np,np,nn,nn,np,nn,nn,np,np,np,np,nn,nn,np,nn,np,nn,nn,nn,np,nn,nn,nn,np,nn,nn,np,np,nn,np,nn,nn,np,nn,np,np,nn,np,nn,nn,np,np,np,np,nn,nn,np,np,np,np,np,nn,nn,np,nn,nn,nn,nn,np,nn,np,np,nn,np,nn,nn,np,nn,nn,nn,np,nn,nn,nn,nn,nn,np,np,np,np,np,nn
*_SCFLD9958_0388080,<nnxnp>,0,0,nn,np,np,nn,nn,np,nn,np,np,np,nn,nn,np,nn,nn,np,np,np,np,nn,nn,np,nn,np,nn,nn,nn,np,nn,nn,nn,np,nn,nn,np,np,nn,np,nn,nn,np,nn,np,np,nn,np,nn,nn,np,np,np,np,nn,nn,np,np,np,np,np,nn,nn,np,nn,nn,nn,nn,np,nn,np,np,nn,np,nn,nn,np,nn,nn,nn,np,nn,nn,nn,nn,nn,np,np,np,np,np,nn
*_SCFLD9958_0395000,<lmxll>,0,0,lm,--,lm,--,ll,--,--,--,--,ll,--,ll,--,ll,ll,lm,ll,lm,--,--,--,--,--,--,ll,lm,--,--,ll,ll,ll,ll,ll,--,--,--,--,--,--,--,ll,lm,ll,--,--,lm,--,lm,lm,ll,ll,ll,lm,ll,ll,lm,--,--,lm,--,lm,ll,ll,lm,--,lm,ll,--,lm,--,--,lm,--,--,--,ll,lm,--,lm,--,--,--,--,ll,--,--,ll,--,lm,--
*_SCFLD9958_0432015,<lmxll>,0,0,ll,lm,lm,ll,ll,lm,ll,lm,lm,lm,ll,ll,lm,ll,ll,lm,lm,lm,lm,ll,ll,lm,ll,lm,ll,ll,ll,lm,ll,ll,ll,lm,ll,ll,lm,lm,ll,lm,ll,ll,lm,ll,lm,lm,ll,lm,ll,ll,lm,lm,lm,lm,ll,ll,lm,lm,lm,lm,lm,ll,ll,lm,ll,ll,ll,ll,lm,ll,lm,lm,ll,lm,ll,ll,lm,ll,ll,ll,lm,ll,ll,ll,ll,ll,lm,lm,lm,lm,lm,ll
*_SCFLD9958_0800118,<nnxnp>,1,1,nn,nn,np,np,np,nn,nn,np,np,nn,nn,np,nn,np,np,np,nn,np,nn,nn,nn,np,np,np,np,nn,nn,nn,np,np,np,nn,np,np,nn,nn,np,np,nn,np,nn,nn,nn,np,np,np,np,nn,np,nn,nn,nn,nn,np,nn,np,np,nn,np,nn,nn,nn,np,nn,np,nn,nn,nn,np,nn,nn,np,np,nn,np,np,nn,nn,np,np,np,np,nn,np,np,nn,nn,np,np,np
*_SCFLD9958_0800124,<lmxll>,1,0,ll,lm,lm,ll,ll,lm,ll,lm,lm,lm,ll,ll,lm,ll,ll,lm,lm,lm,lm,ll,ll,lm,ll,lm,ll,ll,ll,lm,ll,ll,ll,lm,ll,ll,lm,lm,ll,lm,lm,ll,lm,ll,lm,lm,ll,lm,ll,ll,lm,lm,lm,lm,ll,ll,lm,lm,lm,lm,lm,ll,ll,lm,ll,ll,lm,ll,lm,ll,lm,lm,ll,lm,ll,ll,lm,ll,ll,ll,lm,lm,ll,ll,ll,ll,lm,lm,lm,lm,lm,ll
*_SCFLD9958_0846154,<lmxll>,1,1,ll,ll,lm,lm,lm,ll,ll,lm,lm,ll,ll,lm,ll,lm,lm,lm,ll,lm,ll,ll,ll,lm,lm,lm,lm,ll,ll,ll,lm,lm,lm,ll,lm,lm,ll,ll,lm,lm,ll,lm,ll,ll,ll,lm,lm,lm,lm,ll,lm,ll,ll,ll,ll,lm,ll,lm,lm,ll,lm,ll,ll,ll,lm,ll,lm,ll,ll,ll,lm,ll,ll,lm,lm,ll,lm,lm,ll,ll,lm,lm,lm,lm,ll,lm,lm,ll,ll,lm,lm,lm
*_SCFLD9958_0848856,<lmxll>,0,0,ll,lm,lm,ll,ll,lm,ll,lm,lm,lm,ll,ll,lm,ll,ll,lm,lm,lm,lm,ll,ll,lm,ll,lm,ll,ll,ll,lm,ll,ll,ll,lm,ll,ll,lm,lm,ll,lm,lm,ll,lm,ll,lm,lm,ll,lm,ll,ll,lm,lm,lm,lm,ll,ll,lm,lm,lm,lm,lm,ll,ll,lm,ll,ll,lm,ll,lm,ll,lm,lm,ll,lm,ll,ll,lm,ll,ll,ll,lm,lm,ll,ll,ll,ll,lm,lm,lm,lm,lm,ll
*_SCFLD9958_0979606,<nnxnp>,0,0,--,np,nn,--,np,--,nn,--,nn,np,--,np,--,np,--,nn,np,nn,np,nn,nn,nn,np,--,np,--,nn,np,--,np,np,--,np,--,np,np,np,--,--,--,np,--,--,nn,np,nn,np,--,nn,np,--,--,--,np,np,--,--,--,nn,nn,nn,np,np,nn,nn,nn,np,--,--,np,nn,nn,--,nn,--,np,nn,nn,nn,nn,--,--,--,np,nn,--,np,nn,nn,np
*_SCFLD9958_0979722,<hkxhk>,0,0,hh,hk,hk,hh,hh,hk,hh,hk,hk,hk,hh,hh,hk,hh,hh,hk,hk,hk,hk,hh,hh,hk,hh,hk,hh,hh,hh,hk,hh,hh,hh,hk,hh,hh,hk,hk,hh,hk,hk,hh,hk,hh,hk,hk,hh,hk,hh,hh,hk,hk,hk,hk,hh,hh,hk,hk,hk,hk,hk,hh,hh,hk,hh,hh,hk,hh,hk,hh,hk,hk,hh,hk,hh,hh,hk,hh,hh,hh,hk,hk,hh,hh,hh,hh,hk,hk,hk,hk,hk,hh
*_SCFLD9958_1029242,<hkxhk>,0,0,hh,--,kk,--,hk,--,--,--,--,hk,--,hk,--,hk,--,kk,hk,kk,hk,hh,--,--,--,--,--,hh,--,--,hk,hk,--,--,hk,hk,hk,--,hk,--,--,--,hk,hh,hk,kk,--,kk,--,--,--,--,hk,--,--,hk,--,kk,--,hk,kk,hh,--,--,--,hh,kk,hh,--,hh,kk,--,hh,kk,--,--,--,--,hh,hh,--,--,hk,hk,hh,--,--,hk,hk,kk,kk,--
*_SCFLD9958_1054041,<nnxnp>,0,0,--,np,nn,--,np,np,nn,nn,--,np,--,np,--,np,--,--,--,--,np,nn,nn,nn,np,--,nn,nn,nn,np,np,--,np,--,np,--,np,np,np,nn,--,--,np,nn,--,nn,np,nn,np,--,--,np,--,np,nn,np,np,nn,--,--,nn,nn,nn,np,np,nn,--,nn,np,nn,nn,--,nn,nn,np,--,--,np,nn,nn,nn,nn,np,--,--,np,--,--,np,nn,nn,np
*_SCFLD9958_1223690,<lmxll>,1,0,--,--,ll,--,lm,--,--,ll,--,--,--,--,--,lm,lm,ll,lm,ll,lm,--,--,ll,lm,--,lm,ll,--,lm,--,lm,lm,--,--,--,--,lm,lm,--,--,lm,--,ll,--,ll,--,ll,lm,--,--,lm,lm,lm,ll,lm,--,ll,--,--,--,ll,--,lm,lm,ll,ll,ll,--,ll,ll,--,ll,ll,--,ll,ll,lm,ll,--,ll,--,--,--,ll,lm,--,--,lm,ll,ll,lm
*_SCFLD9958_1316504,<lmxll>,0,0,ll,lm,lm,ll,ll,lm,ll,lm,lm,lm,ll,ll,lm,ll,ll,lm,lm,lm,lm,ll,ll,lm,ll,lm,ll,ll,ll,lm,ll,ll,ll,lm,ll,ll,lm,lm,ll,lm,lm,ll,lm,ll,lm,lm,ll,lm,ll,ll,lm,lm,lm,lm,ll,ll,lm,lm,lm,lm,lm,ll,ll,lm,ll,ll,lm,ll,lm,ll,lm,lm,ll,lm,ll,ll,lm,ll,ll,ll,lm,lm,ll,ll,ll,ll,lm,lm,lm,lm,lm,ll
*_SCFLD9958_1385294,<nnxnp>,1,1,nn,np,np,nn,nn,np,nn,np,np,np,nn,nn,np,nn,nn,np,np,np,np,nn,nn,np,nn,np,nn,nn,nn,np,nn,nn,nn,np,nn,nn,np,np,nn,np,np,nn,np,nn,np,np,nn,np,nn,nn,np,np,np,np,nn,nn,np,np,np,np,np,nn,nn,np,nn,nn,np,nn,np,nn,np,np,nn,np,nn,nn,np,nn,nn,nn,np,np,nn,nn,nn,nn,np,np,np,np,np,nn
*_SCFLD9958_1597001,<lmxll>,0,0,ll,ll,lm,lm,lm,ll,ll,lm,lm,ll,ll,lm,ll,lm,lm,lm,ll,lm,ll,ll,ll,lm,lm,lm,lm,ll,ll,ll,lm,lm,lm,ll,lm,lm,ll,ll,lm,lm,ll,lm,ll,ll,ll,lm,lm,lm,lm,ll,lm,ll,ll,ll,ll,lm,ll,lm,lm,ll,lm,ll,ll,ll,lm,ll,lm,ll,ll,ll,lm,ll,ll,lm,lm,ll,lm,lm,ll,ll,lm,lm,lm,lm,ll,lm,lm,ll,ll,lm,lm,lm
*_SCFLD9958_1683461,<nnxnp>,0,0,--,--,nn,--,np,--,--,--,nn,np,nn,--,--,np,np,--,--,nn,--,nn,nn,nn,np,--,np,--,nn,--,np,np,np,--,np,--,--,--,np,nn,--,np,np,nn,np,--,--,nn,np,nn,nn,np,--,--,nn,--,--,--,--,--,nn,nn,--,--,np,nn,nn,nn,--,--,--,--,nn,nn,np,nn,--,np,nn,nn,--,--,--,--,nn,np,--,--,np,--,nn,np
*_SCFLD9958_1683483,<nnxnp>,0,0,nn,np,np,nn,nn,np,nn,np,np,np,nn,nn,np,nn,nn,np,np,np,np,nn,nn,np,nn,np,nn,nn,nn,np,nn,nn,nn,np,nn,nn,np,np,nn,np,np,nn,np,nn,np,np,nn,np,nn,nn,np,np,np,np,nn,nn,np,np,np,np,np,nn,nn,np,nn,nn,np,nn,np,nn,np,np,nn,np,nn,nn,np,nn,nn,nn,np,np,nn,nn,nn,nn,np,np,np,np,np,nn
*_SCFLD9958_1683490,<nnxnp>,0,0,nn,nn,np,np,np,nn,nn,np,np,nn,nn,np,nn,np,np,np,nn,np,nn,nn,nn,np,np,np,np,nn,nn,nn,np,np,np,nn,np,np,nn,nn,np,np,nn,np,nn,nn,nn,np,np,np,np,nn,np,nn,nn,nn,nn,np,nn,np,np,nn,np,nn,nn,nn,np,nn,np,nn,nn,nn,np,nn,nn,np,np,nn,np,np,nn,nn,np,np,np,np,nn,np,np,nn,nn,np,np,np
*_SCFLD9958_1737477,<hkxhk>,1,0,hh,hh,hk,hk,hk,hk,hh,hk,hk,hh,hh,hk,hh,hk,hk,hk,hh,hk,hh,hh,hh,hk,hk,hk,hk,hh,hh,hh,hk,hk,hk,hh,hk,hk,hh,hh,hk,hk,hh,hk,hh,hh,hh,hk,hk,hk,hk,hh,hk,hh,hh,hh,hh,hk,hh,hk,hk,hh,hk,hh,hh,hh,hk,hh,hk,hh,hh,hh,hk,hh,hh,hk,hk,hh,hk,hk,hh,hh,hk,hk,hk,hk,hh,hk,hk,hh,hh,hk,hk,hk
*_SCFLD9990_0267295,<nnxnp>,0,0,nn,nn,np,np,np,nn,nn,np,np,nn,nn,np,nn,np,np,np,nn,np,nn,nn,nn,np,np,np,np,nn,nn,nn,np,np,np,nn,np,np,nn,nn,np,np,nn,np,nn,nn,nn,np,np,np,np,nn,np,nn,nn,nn,nn,np,nn,np,np,nn,np,nn,nn,nn,np,nn,np,nn,nn,nn,np,nn,nn,np,np,nn,np,np,nn,nn,np,np,np,np,nn,np,np,np,nn,np,nn,np
*_SCFLD9990_1044787,<nnxnp>,0,0,--,--,np,--,nn,--,--,--,--,--,--,nn,--,nn,nn,np,np,np,--,--,--,np,nn,--,nn,nn,--,np,nn,nn,nn,np,nn,nn,np,--,nn,np,--,--,np,--,--,--,nn,np,--,--,--,np,np,np,nn,nn,--,np,--,np,--,nn,--,--,nn,--,nn,nn,np,nn,np,np,nn,np,--,--,--,--,--,--,np,nn,--,--,nn,nn,np,--,--,--,np,nn
*_SCFLD9990_1130878,<nnxnp>,0,0,nn,nn,np,np,np,nn,nn,np,np,nn,nn,np,nn,np,np,np,nn,np,nn,nn,nn,np,np,np,np,nn,nn,nn,np,np,np,nn,np,np,nn,nn,np,np,nn,np,nn,nn,nn,np,np,np,np,nn,np,nn,nn,nn,nn,np,nn,nn,np,nn,np,nn,nn,nn,np,nn,np,nn,nn,nn,np,nn,nn,np,np,nn,np,np,nn,nn,np,np,np,np,nn,np,np,nn,nn,np,nn,np
*_SCFLD9990_1289575,<nnxnp>,1,0,np,np,nn,nn,nn,np,np,nn,nn,np,np,nn,np,nn,nn,nn,np,nn,np,np,np,nn,nn,nn,nn,np,np,np,nn,nn,nn,np,nn,nn,np,np,nn,nn,np,nn,np,np,np,nn,nn,nn,nn,np,nn,np,np,np,np,nn,np,np,nn,np,nn,np,np,np,nn,np,nn,np,np,np,nn,np,np,nn,nn,np,nn,nn,np,np,nn,nn,nn,nn,np,nn,nn,np,np,nn,np,nn
*_SCFLD10010_0514901,<nnxnp>,0,0,nn,np,--,--,nn,--,nn,np,--,nn,--,--,--,--,nn,--,nn,--,--,--,nn,np,--,--,nn,nn,nn,np,nn,--,--,--,--,nn,np,--,--,np,--,--,np,--,np,--,--,np,nn,--,--,np,np,np,nn,nn,np,np,--,--,np,nn,--,np,nn,np,np,nn,--,np,nn,--,nn,--,nn,np,--,--,nn,nn,np,--,--,--,--,--,--,--,np,--,--,nn
*_SCFLD10010_0756304,<nnxnp>,1,0,--,--,--,--,nn,--,--,np,--,nn,nn,--,nn,nn,nn,np,nn,np,np,--,nn,np,nn,--,nn,nn,--,np,nn,nn,--,--,nn,nn,np,np,nn,--,np,--,np,--,--,--,--,--,--,--,--,np,np,--,--,nn,np,--,np,--,--,nn,nn,np,nn,--,np,--,--,np,--,--,nn,np,--,--,--,nn,nn,nn,--,--,nn,--,nn,nn,--,np,np,--,nn,nn
